open_time,open,high,low,close,volume,close_time,quote_volume,count,taker_buy_volume,taker_buy_quote_volume,ignore
1696118400000,26951,26986.60,26939,26976.90,2733.691,1696121999999,73701819.91770,36206,1615.927,43571737.84960,0
1696122000000,26976.90,27026.80,26963.80,27005.10,3161.822,1696125599999,85364341.52740,38429,1787.589,48264820.15730,0
1696125600000,27005.10,27037.50,27004.40,27015.60,2681.754,1696129199999,72465086.04600,35867,1405.772,37987792.48360,0
1696129200000,27015.70,27039.70,26993.60,27033,2415.426,1696132799999,65269796.90260,28271,1086.230,29355053.98220,0
1696132800000,27032.90,27035,27004.20,27035,1889.918,1696136399999,51066370.29140,25342,804.897,21750020.19690,0
1696136400000,27035,27064.20,27028.10,27061.90,3884.222,1696139999999,105061303.38960,38081,2047.617,55385252.45470,0
1696140000000,27061.90,27131.90,27061.90,27113.10,7682.681,1696143599999,208171212.23900,77865,4168.450,112948930.23420,0
1696143600000,27113.10,27148,27079.70,27092.10,6274.466,1696147199999,170124365.37940,66490,2916.913,79095136.95330,0
1696147200000,27092.10,27145,27070.50,27122.10,4752.609,1696150799999,128837155.92470,53029,2337.629,63374640.04090,0
1696150800000,27122.10,27222,27121,27202.80,13735.070,1696154399999,373342449.26355,128223,7244.241,196915854.64465,0
1696154400000,27202.70,27279.50,27150,27195.50,13993.563,1696157999999,380885090.02370,131861,6980.198,190013499.43920,0
1696158000000,27195.50,27229.70,27153,27174.20,6985.793,1696161599999,189912666.75600,64456,3524.960,95830532.03140,0
1696161600000,27174.20,27188,27108.10,27176.30,7792.070,1696165199999,211552812.55030,72295,3570.239,96937234.30270,0
1696165200000,27176.30,27186.20,27131.40,27175.70,4580.093,1696168799999,124373456.72700,52035,2287.159,62111843.99530,0
1696168800000,27175.60,27219.70,27067.40,27108.90,12806.333,1696172399999,347494894.01460,114502,6405.139,173817258.23280,0
1696172400000,27108.80,27145,27090.80,27135.80,4457.786,1696175999999,120887119.52210,51797,2341.931,63511411.81760,0
1696176000000,27135.80,27142.50,27065.30,27099.90,4751.717,1696179599999,128800037.04420,54132,2025.257,54898765.54100,0
1696179600000,27099.90,27129.20,27021.40,27061.80,7944.326,1696183199999,215096487.53820,81161,3923.682,106243690.62730,0
1696183200000,27061.70,27089.60,27050.50,27083,3099.633,1696186799999,83923633.53800,39796,1496.201,40510841.74090,0
1696186800000,27083,27096,27058.60,27091.10,2688.989,1696190399999,72824364.00330,32556,1310.429,35491524.39890,0
1696190400000,27091,27135.60,27015,27093.60,7945.271,1696193999999,215163665.27670,87115,4045.909,109581314.48530,0
1696194000000,27093.60,27180,27072.50,27164,3710.802,1696197599999,100646836.07090,45497,2198.899,59646341.65340,0
1696197600000,27164.10,28365.20,27137.90,27989.70,89652.916,1696201199999,2492466932.54805,732705,52328.117,1454599813.57761,0
1696201200000,27989.60,28020,27851.10,27981.40,20761.995,1696204799999,579991672.59820,225299,10382.754,290075790.26230,0
1696204800000,27981.40,28050.70,27870,27917.70,19297.563,1696208399999,539394511.01670,186361,9566.614,267439851.96720,0
1696208400000,27917.60,27956.80,27811.60,27907.40,11539.817,1696211999999,321638718.41730,122478,5893.268,164273540.22260,0
1696212000000,27907.40,27990,27885.50,27971.20,9016.344,1696215599999,252044774.25640,90511,4547.566,127118969.57410,0
1696215600000,27971.30,28231,27940,28114.80,23939.676,1696219199999,671744341.24444,198848,13563.449,380670686.28784,0
1696219200000,28114.90,28146.70,28004.20,28054,12647.270,1696222799999,354947237.62170,124137,5519.440,154905566.23490,0
1696222800000,28054,28101.90,27880,27966,13888.368,1696226399999,388931695.54388,127830,6689.962,187410842.20500,0
1696226400000,27966,28095,27951.80,28086.60,9782.371,1696229999999,274132780.37500,94009,5615.981,157388672.88560,0
1696230000000,28086.50,28428.20,28082.80,28299.10,46223.465,1696233599999,1306415060.89357,378979,25096.824,709420726.55627,0
1696233600000,28299.20,28477,28235.90,28264.40,39848.207,1696237199999,1129936467.25250,325626,17850.053,506240432.81140,0
1696237200000,28264.50,28313.90,28220.20,28272.50,15554.754,1696240799999,439708595.49130,132300,7783.177,220037896.10600,0
1696240800000,28272.40,28330.50,28257.40,28294,8431.165,1696244399999,238513509.71250,82737,4313.206,122028328.54610,0
1696244400000,28294.10,28362.20,28177,28183.20,21722.179,1696247999999,613818947.35970,168322,9647.791,272669956.30730,0
1696248000000,28183.10,28340.60,28183.10,28305,15036.446,1696251599999,425012223.16190,133319,8052.991,227613721.78790,0
1696251600000,28305,28550,28272.40,28540,30209.737,1696255199999,857645097.47477,259716,16874.095,479266557.51397,0
1696255200000,28540,28613,28160.60,28292.40,50785.366,1696258799999,1438892716.84576,414373,24692.039,699765450.27630,0
1696258800000,28292.40,28409.90,27971,28015,46177.820,1696262399999,1301074269.36104,358343,23296.043,656499639.84950,0
1696262400000,28015,28111,27838.50,27986.70,45849.809,1696265999999,1283352105.82099,374656,23589.653,660367087.26080,0
1696266000000,27986.80,28115,27888.70,28046.10,17290.824,1696269599999,484283734.57250,172384,9374.820,262616738.45720,0
1696269600000,28046.10,28095,27635.80,27789.80,38180.633,1696273199999,1061666546.76302,298650,18061.726,502165138.29590,0
1696273200000,27789.90,27963.30,27614.60,27955.30,28868.440,1696276799999,802073527.65458,251646,14929.712,414913366.68278,0
1696276800000,27955.30,27955.40,27808,27836.60,8821.913,1696280399999,245739286.72640,103767,4380.768,122018071.90270,0
1696280400000,27836.60,27863.90,27255,27456.70,42121.990,1696283999999,1159991550.16976,336697,16634.891,458145632.37000,0
1696284000000,27456.70,27544.60,27326.50,27537,22885.550,1696287599999,628265526.67070,209676,12047.345,330736281.95950,0
1696287600000,27537.10,27608.40,27455,27477.60,15158.013,1696291199999,417322960.54088,134662,7023.517,193396845.59958,0
1696291200000,27477.70,27559.30,27380.10,27418,14603.390,1696294799999,401163851.03880,143698,6915.156,189996736.40150,0
1696294800000,27418,27555.20,27366.10,27552.40,10818.904,1696298399999,297156463.46110,123299,5965.224,163852912.69980,0
1696298400000,27552.50,27607.80,27502.20,27569.30,6020.042,1696301999999,165876109.73930,70816,3137.027,86439804.16040,0
1696302000000,27569.40,27627.90,27517.50,27585.80,7805.049,1696305599999,215232367.37040,84195,4051.926,111759891.16200,0
1696305600000,27585.80,27633.30,27530,27620,6230.723,1696309199999,171871117.96420,63544,3041.174,83897228.35590,0
1696309200000,27620,27622.70,27552.70,27552.70,4465.093,1696312799999,123178833.92010,59147,2070.274,57114733.26730,0
1696312800000,27552.70,27665,27549,27622,6145.030,1696316399999,169666632.77600,78686,3538.037,97698332.21500,0
1696316400000,27621.90,27639.60,27510.10,27528.10,7225.211,1696319999999,199148736.02940,84199,3131.325,86309288.00600,0
1696320000000,27528,27630,27525,27583.90,6113.411,1696323599999,168685493.86260,76036,3131.557,86399608.17150,0
1696323600000,27584,27607.30,27528.50,27530.30,6304.505,1696327199999,173762281.90480,74635,2797.489,77106123.11910,0
1696327200000,27530.30,27623.50,27530.30,27611.60,6291.622,1696330799999,173509270.34610,75980,3713.830,102418607.20720,0
1696330800000,27611.60,27620,27458.30,27549.10,14389.665,1696334399999,395958029.89840,144444,6728.934,185153757.33440,0
1696334400000,27549.10,27552,27400.20,27458.20,17462.488,1696337999999,479574627.39690,158979,7388.863,202915946.15470,0
1696338000000,27458.10,27569.20,27373.80,27533.40,13079.558,1696341599999,359512026.59880,149980,6721.148,184753357.91430,0
1696341600000,27533.40,27533.40,27255,27338.60,37411.645,1696345199999,1023940834.92936,346022,18442.635,504770135.57590,0
1696345200000,27338.60,27406.40,27212.30,27332,22462.101,1696348799999,613714476.06870,214385,11164.722,305106256.61510,0
1696348800000,27332.10,27433.40,27305.30,27371.60,12684.643,1696352399999,347235814.93310,140628,6651.309,182079835.30950,0
1696352400000,27371.60,27479.50,27371.60,27424,9134.189,1696355999999,250551669.23400,100232,4808.484,131898142.92810,0
1696356000000,27424,27435.60,27284.90,27286.20,10238.328,1696359599999,280114037.42870,107408,4537.225,124134775.57320,0
1696359600000,27286.10,27417.80,27230,27263.80,15871.103,1696363199999,433498903.14960,174249,8212.317,224320531.51210,0
1696363200000,27263.80,27387.10,27123,27384.50,20116.574,1696366799999,548621882.86131,192968,9570.052,261122458.74096,0
1696366800000,27384.50,27446.80,27344.90,27388,6470.303,1696370399999,177208214.34040,72662,3028.427,82955458.16420,0
1696370400000,27388,27397.80,27252.30,27393.30,10375.236,1696373999999,283390545.73260,109342,5228.387,142814277.46830,0
1696374000000,27393.30,27459.70,27365.60,27412,11359.086,1696377599999,311430149.31630,130359,6108.359,167484612.81090,0
1696377600000,27412,27423.20,27163.90,27297.10,28503.334,1696381199999,778318567.41768,258531,15520.993,423844988.69700,0
1696381200000,27297,27345.50,27244.70,27323,9857.229,1696384799999,269067364.56710,112515,5169.483,141127454.20630,0
1696384800000,27323,27500,27299.30,27398.70,14623.113,1696388399999,400949232.57706,145494,7539.693,206721813.45656,0
1696388400000,27398.80,27454,27392,27416.30,4238.106,1696391999999,116208122.44670,50324,2325.663,63771388.86130,0
1696392000000,27416.30,27416.30,27370,27378.60,3779.805,1696395599999,103536744.50200,49568,1877.144,51419336.73140,0
1696395600000,27378.60,27397.50,27345,27397.50,4174.491,1696399199999,114265404.67490,53372,2207.233,60421263.53950,0
1696399200000,27397.40,27408.50,27335.80,27408.50,4740.068,1696402799999,129759278.40280,55282,2357.412,64539404.02950,0
1696402800000,27408.50,27442,27388.90,27442,5377.834,1696406399999,147445816.86670,58236,2745.668,75281604.61700,0
1696406400000,27442,27559.70,27420.50,27504.80,13088.412,1696409999999,359844949.23588,108196,7278.360,200100247.32858,0
1696410000000,27504.80,27626,27492.90,27610.80,11513.481,1696413599999,317349980.72150,107006,6178.027,170300574.03050,0
1696413600000,27610.90,27627.60,27504,27513.10,11994.958,1696417199999,330587365.85070,99157,4970.651,136988207.03740,0
1696417200000,27513.10,27589.90,27507,27559.90,6462.436,1696420799999,178055877.74820,61602,3384.376,93247719.47690,0
1696420800000,27560,27619.40,27519.70,27553,9552.218,1696424399999,263402840.30590,84638,4692.019,129395881.86060,0
1696424400000,27553,27562.40,27380,27404.60,19753.953,1696427999999,542812447.12870,182069,8550.972,234990673.85210,0
1696428000000,27404.60,27450,27317.10,27376.60,17885.044,1696431599999,489726793.51396,187488,8867.928,242851178.74350,0
1696431600000,27376.70,27462.20,27351,27388.30,8369.591,1696435199999,229435178.52140,95227,4287.978,117546841.96990,0
1696435200000,27388.30,27587.50,27385.80,27509.50,14815.145,1696438799999,407530735.15368,149138,7482.556,205816270.23318,0
1696438800000,27509.50,27579.60,27492.10,27521.70,6367.785,1696442399999,175287630.03680,85060,2982.514,82107132.85440,0
1696442400000,27521.70,27620,27505,27613.80,8280.764,1696445999999,228207688.34770,120729,4591.463,126558003.16480,0
1696446000000,27613.80,27830,27507.20,27606,43150.592,1696449599999,1194778118.08840,434237,22748.906,629915511.97032,0
1696449600000,27606.30,27727.60,27550,27633.50,12459.524,1696453199999,344566672.54250,143252,6195.706,171345702.00310,0
1696453200000,27633.40,27780,27633.20,27671,7435.723,1696456799999,206055165.03292,77171,3884.406,107647424.83022,0
1696456800000,27671,27764.40,27644,27740.50,5975.440,1696460399999,165544051.00820,71607,2827.174,78327465.46590,0
1696460400000,27740.50,27824,27740.50,27759.80,8385.276,1696463999999,232951345.38270,90816,4257.907,118296055.93530,0
1696464000000,27759.70,27890,27703.30,27793.10,14442.640,1696467599999,401441393.09240,132555,7654.934,212823179.12050,0
1696467600000,27793.10,27798,27671.50,27717.50,10026.285,1696471199999,277956053.11800,103108,4489.241,124444250.73740,0
1696471200000,27717.50,27725.40,27640,27662.60,6137.680,1696474799999,169866100.46430,67634,2434.909,67389554.02730,0
1696474800000,27662.70,27698.20,27631,27638.10,4198.288,1696478399999,116149257.63460,50695,1984.249,54903299.76320,0
1696478400000,27638,27684.20,27622.80,27678.70,4210.087,1696481999999,116413642.57260,45174,2262.845,62576292.23750,0
1696482000000,27678.60,27688.40,27623.10,27625.80,3682.887,1696485599999,101873397.24820,45161,1591.029,44015830.29640,0
1696485600000,27625.80,27655,27590.40,27643,6055.906,1696489199999,167295580.36270,69355,2941.376,81263858.21010,0
1696489200000,27643,27643.10,27533.10,27595.30,9354.367,1696492799999,257990439.35318,93297,4226.705,116568650.44920,0
1696492800000,27595.40,27653.90,27578.10,27634.10,5797.607,1696496399999,160086108.01160,58226,3437.766,94932338.11500,0
1696496400000,27634.10,27718.50,27620.60,27672.40,7028.909,1696499999999,194504085.23290,68484,3846.168,106437989.01110,0
1696500000000,27672.30,27737.80,27644.60,27727.20,6603.526,1696503599999,182805633.37910,61750,3537.285,97937523.56310,0
1696503600000,27727.20,27764.90,27686,27710.70,7426.339,1696507199999,205885325.66212,66995,3404.613,94402555.39072,0
1696507200000,27710.60,27755.60,27663.10,27710,8960.905,1696510799999,248190480.01870,83633,3965.307,109835252.41570,0
1696510800000,27710.10,28095,27710,27976.60,62822.624,1696514399999,1755203182.53809,468220,34659.247,968289651.89989,0
1696514400000,27976.60,28110,27905.40,27946.30,34386.964,1696517999999,962759155.57170,281546,17120.179,479405735.01410,0
1696518000000,27946.30,27957.50,27380,27540,76042.104,1696521599999,2102347883.07783,551678,35155.467,971796144.69240,0
1696521600000,27540,27609.90,27350,27433.50,44131.271,1696525199999,1211632167.78746,318925,21150.981,580856466.75280,0
1696525200000,27433.40,27529.50,27333.50,27473.60,17660.529,1696528799999,484580164.38160,177195,9027.424,247724805.36330,0
1696528800000,27473.70,27529.90,27403.10,27480.90,12753.986,1696532399999,350313527.98200,141915,6176.042,169641709.33160,0
1696532400000,27480.90,27511.10,27418.10,27457.10,6224.049,1696535999999,170955799.99280,81129,3009.465,82661368.43390,0
1696536000000,27457.10,27491.30,27390.20,27463,7133.504,1696539599999,195727219.07480,76791,3863.792,106019685.33590,0
1696539600000,27463,27497.20,27433.10,27433.10,4085.252,1696543199999,112190909.04260,53400,1771.206,48640821.10930,0
1696543200000,27433.10,27454.70,27368.50,27422.20,6832.989,1696546799999,187305729.33060,76448,3255.806,89252519.61380,0
1696546800000,27422.20,27448.80,27383,27398.40,4191.389,1696550399999,114894599.36470,49571,2101.090,57594889.91190,0
1696550400000,27398.30,27460.70,27382.60,27443.10,5624.047,1696553999999,154242685.32550,61644,3261.414,89451706.64020,0
1696554000000,27443.20,27524.50,27442,27504.20,7467.753,1696557599999,205261369.40960,74566,4117.888,113178582.78220,0
1696557600000,27504.30,27582.80,27501.70,27528.50,11950.856,1696561199999,329208994.79618,105136,6845.229,188575120.74148,0
1696561200000,27528.60,27565.20,27517.30,27544.80,3517.926,1696564799999,96896882.22280,48900,1731.425,47693406.71860,0
1696564800000,27544.80,27548.80,27471,27516.10,6399.961,1696568399999,176042393.42670,59696,2594.556,71371010.82870,0
1696568400000,27516.10,27520,27460.80,27488.20,4054.023,1696571999999,111408156.25130,51450,1951.014,53617701.80060,0
1696572000000,27488.20,27507.50,27450,27478.10,4736.802,1696575599999,130158510.45190,49906,2408.996,66197007.86330,0
1696575600000,27478.10,27644,27468,27626.80,13958.064,1696579199999,384845858.22210,122538,8080.384,222775895.96030,0
1696579200000,27626.80,27658.90,27587.10,27602.80,9886.027,1696582799999,273054462.45040,106434,4545.496,125562206.44920,0
1696582800000,27602.80,27690,27571.10,27674.90,9205.629,1696586399999,254450594.08200,96860,4900.065,135462075.91360,0
1696586400000,27674.90,27785,27650.70,27658.20,19044.076,1696589999999,527892006.89692,178801,9094.197,252097130.84002,0
1696590000000,27658.10,27763.10,27601.10,27750,14494.305,1696593599999,401175750.97510,130910,7933.271,219613070.31480,0
1696593600000,27750,27757.20,27160,27238.60,55177.691,1696597199999,1514998737.07912,416576,23634.744,649150143.81210,0
1696597200000,27238.70,27697,27156,27513.70,56247.388,1696600799999,1543329063.40511,441828,30519.822,837464007.92524,0
1696600800000,27513.80,27694.90,27450.10,27654.70,25455.533,1696604399999,702405869.09400,240327,13011.312,359028287.01850,0
1696604400000,27654.70,28035.60,27615.60,27926.50,55565.584,1696607999999,1547824707.13801,446879,29728.068,828081082.89941,0
1696608000000,27926.60,28012,27790,27861.20,32983.909,1696611599999,920117940.19740,284951,15628.502,436058004.20720,0
1696611600000,27861.10,27995.40,27773,27946.70,16649.308,1696615199999,464451270.77100,179827,8774.649,244805679.44810,0
1696615200000,27946.80,27981.90,27851.60,27889.40,9599.165,1696618799999,267921824.43840,117264,4598.253,128340181.47930,0
1696618800000,27889.40,28030,27861.30,27939.10,14941.591,1696622399999,417703046.88700,154332,8131.211,227326851.76450,0
1696622400000,27939.10,28009.80,27880.80,27963.40,7946.977,1696625999999,222163743.75260,112169,3836.518,107254600.96600,0
1696626000000,27963.50,28450,27915.10,28030.20,27638.259,1696629599999,778068246.17804,262087,16848.159,474527120.99450,0
1696629600000,28030.20,28127.40,27948.20,27956.10,14715.986,1696633199999,412565775.08090,167404,7024.591,196974260.24410,0
1696633200000,27956.10,27968.40,27861,27916.30,11185.044,1696636799999,312195722.19969,120138,5231.535,146021708.74410,0
1696636800000,27916.30,27944.60,27822.10,27901.60,12488.605,1696640399999,348281919.94870,115688,5144.865,143502565.03260,0
1696640400000,27901.60,27939,27854.60,27887.10,5297.621,1696643999999,147759092.47770,65365,2553.771,71233698.05950,0
1696644000000,27887,27908.60,27857.80,27861.30,4672.019,1696647599999,130265750.73990,53554,2538.533,70781312.37810,0
1696647600000,27861.30,27937.10,27854.90,27890.90,4407.989,1696651199999,122962460.18090,55868,2564.413,71533608.09850,0
1696651200000,27891,27924.40,27887.80,27900.10,2749.090,1696654799999,76722611.40260,39380,1455.749,40627907.64300,0
1696654800000,27900,27933,27870,27889,4358.511,1696658399999,121576206.32660,50659,1914.330,53402467.06120,0
1696658400000,27889.10,27899.60,27858.40,27875.60,3427.781,1696661999999,95560837.51680,47338,1761.319,49106489.53170,0
1696662000000,27875.60,27907.20,27872.50,27878.20,2830.504,1696665599999,78936665.51120,41532,1477.805,41214813.66160,0
1696665600000,27878.10,28014.60,27865.40,27993.10,11733.030,1696669199999,327974786.09700,101518,7035.734,196698331.78580,0
1696669200000,27993.10,28018.70,27920.20,27943.20,6669.326,1696672799999,186495015.91250,75110,3040.892,85034242.76510,0
1696672800000,27943.30,27949.80,27914,27931.20,3568.433,1696676399999,99663051.55260,44757,1612.693,45042689.03670,0
1696676400000,27931.30,28000,27918.80,27929.40,6819.449,1696679999999,190673753.91710,72401,3229.486,90302671.61500,0
1696680000000,27929.40,27974.80,27923,27945.90,3652.593,1696683599999,102087782.01500,48283,1994.229,55738561.38310,0
1696683600000,27946,27965,27882.60,27922.80,5693.475,1696687199999,158968068.30700,62800,2434.156,67967440.50590,0
1696687200000,27922.80,27942,27898.90,27939,3618.617,1696690799999,101033314.44030,48375,2025.379,56550875.36330,0
1696690800000,27938.90,27959.90,27885.10,27926.40,4935.168,1696694399999,137785040.23430,61235,2262.888,63186678.36710,0
1696694400000,27926.50,27952.60,27915,27927,2923.833,1696697999999,81676649.82310,41751,1449.043,40479962.43910,0
1696698000000,27927,27949.80,27885.20,27918.20,4908.080,1696701599999,137013826.83370,54308,2407.703,67215291.01670,0
1696701600000,27918.20,27931.70,27846.40,27878.20,6273.534,1696705199999,174945201.30980,63650,2675.030,74598611.77850,0
1696705200000,27878.30,27908.40,27831.80,27849.70,5755.131,1696708799999,160388501.79320,66089,2645.908,73749773.24600,0
1696708800000,27849.70,27917.40,27838.50,27909.90,3272.468,1696712399999,91235552.43940,42946,2007.226,55962172.41730,0
1696712400000,27909.90,27945,27897.90,27918,2680.632,1696715999999,74849857.49130,32447,1322.180,36917929.13530,0
1696716000000,27918,27940,27909.30,27938.40,2189.842,1696719599999,61162192.29220,25243,986.482,27552674.63700,0
1696719600000,27938.50,27947.80,27928.50,27943,2123.414,1696723199999,59324019.54470,23131,884.782,24719236.65870,0
1696723200000,27943,27968,27935.50,27950.80,2823.204,1696726799999,78919601.27910,35256,1586.978,44363475.64530,0
1696726800000,27950.90,28016.90,27924.90,28001.30,6148.230,1696730399999,172003126.70560,64573,3587.792,100382096.79680,0
1696730400000,28001.40,28082,27965,27999.10,8632.701,1696733999999,241946716.40720,92589,4374.769,122627067.37570,0
1696734000000,27999.20,28079,27980.80,28049.90,5755.827,1696737599999,161410154.39090,65087,3063.151,85899006.50870,0
1696737600000,28050,28061.50,27906.20,27915.20,11807.578,1696741199999,330226697.08640,115263,4792.256,133997850.93300,0
1696741200000,27915.30,27931.90,27867,27925,7689.478,1696744799999,214573203.24510,69738,3927.569,109604574.48760,0
1696744800000,27925,27939.90,27872.50,27877.70,5058.035,1696748399999,141174840.26080,51061,2720.615,75940633.02040,0
1696748400000,27877.70,27909.90,27864.60,27892.40,3462.246,1696751999999,96566405.82080,39343,2045.887,57064795.16290,0
1696752000000,27892.40,27927,27860,27900.40,4150.939,1696755599999,115785727.69560,50013,2213.677,61755303.87400,0
1696755600000,27900.30,27923.20,27812.50,27868.40,8008.526,1696759199999,223189730.86360,76204,3461.894,96499536.60350,0
1696759200000,27868.40,27885.10,27758.90,27805.40,12554.895,1696762799999,349221107.06810,122593,5857.381,162924264.71850,0
1696762800000,27805.40,27842.10,27782.40,27799.20,6367.524,1696766399999,177127259.52550,80514,3327.720,92574578.94320,0
1696766400000,27799.20,27865,27790,27797.60,5470.502,1696769999999,152220464.59520,68389,2995.985,83365834.81640,0
1696770000000,27797.60,27989.80,27671,27898.20,31023.025,1696773599999,863565867.94650,271028,15381.328,428328745.34458,0
1696773600000,27898.10,27968.60,27859.40,27917.10,9074.576,1696777199999,253257171.90860,116685,4797.282,133892790.85430,0
1696777200000,27917,27940,27869.80,27883.50,4746.091,1696780799999,132409004.94190,62527,2196.262,61273990.72440,0
1696780800000,27883.50,27928.80,27858.50,27902.80,6072.003,1696784399999,169351748.87120,69440,3073.907,85742941.37370,0
1696784400000,27902.80,27937.10,27861.40,27862.90,3317.393,1696787999999,92524924.24930,49641,1421.862,39662098.78130,0
1696788000000,27862.90,27865.40,27791,27859.20,8616.774,1696791599999,239787308.53070,86488,4008.419,111549863.35700,0
1696791600000,27859.10,27910,27859.10,27880.40,5243.892,1696795199999,146231176.87190,59754,2910.082,81149791.48850,0
1696795200000,27880.30,27919.80,27861.80,27892.80,3099.727,1696798799999,86452009.25840,47196,1542.264,43012599.65090,0
1696798800000,27892.90,27968.70,27875.20,27904,6192.824,1696802399999,172948920.05040,69624,3498.125,97692660.04330,0
1696802400000,27904,27930.10,27780.40,27903.60,9594.522,1696805999999,267269415.56640,119887,4278.936,119205484.65310,0
1696806000000,27903.70,27929.50,27880,27901.20,3469.795,1696809599999,96839146.37210,57352,1723.972,48115147.34580,0
1696809600000,27901.20,27907.70,27787.50,27808.80,7890.746,1696813199999,219631498.82470,96263,3552.778,98887234.64020,0
1696813200000,27808.80,27977,27780.30,27948.40,10574.696,1696816799999,294991241.49050,107593,6013.683,167771866.27750,0
1696816800000,27948.30,27974,27907.90,27923.70,4902.968,1696820399999,136964375.10980,58647,2124.984,59361997.71500,0
1696820400000,27923.80,27950,27902.10,27911.90,3094.114,1696823999999,86394632.79120,42359,1426.358,39832373.58810,0
1696824000000,27911.90,27934,27909.20,27916.60,2168.599,1696827599999,60553884.84250,31923,1090.620,30453874.67290,0
1696827600000,27916.60,27921.50,27850,27851.70,4419.329,1696831199999,123201390.67450,52947,1844.720,51422238.55850,0
1696831200000,27851.70,27900,27842.60,27890.90,3804.302,1696834799999,106046333.09520,50223,2008.699,55993044.97980,0
1696834800000,27890.90,27897.50,27800,27804.60,8417.771,1696838399999,234259746.50900,89353,3556.815,98983149.01290,0
1696838400000,27804.60,27834.80,27688,27735.80,16241.104,1696841999999,450985617.36062,162848,7532.876,209210831.75010,0
1696842000000,27735.90,27786.90,27430,27531,37563.227,1696845599999,1036295524.54081,309831,17847.306,492380809.17960,0
1696845600000,27531,27599.90,27458,27522.30,22019.032,1696849199999,606085345.56350,217439,11456.558,315357047.48920,0
1696849200000,27522.30,27522.40,27392,27455.90,17441.343,1696852799999,479016097.18610,181717,8266.578,227065615.93950,0
1696852800000,27456,27537.80,27366.70,27425.30,19872.137,1696856399999,545643271.33300,191031,10006.069,274774667.82420,0
1696856400000,27425.40,27524.30,27358.20,27505.70,15645.367,1696859999999,429465601.42840,165388,8124.386,223030267.99090,0
1696860000000,27505.80,27567.20,27450.80,27486.60,14389.350,1696863599999,395735531.88090,126781,7419.913,204078807.62050,0
1696863600000,27486.60,27529.90,27410.50,27433,11064.361,1696867199999,303903973.48830,99054,5232.679,143747804.82980,0
1696867200000,27433.10,27539.40,27250,27391.10,45875.904,1696870799999,1256071586.93416,394174,21785.040,596591825.29760,0
1696870800000,27391.20,27584.60,27330.20,27582.60,19408.598,1696874399999,533241616.79598,189853,10446.426,287056731.02958,0
1696874400000,27582.60,27739.60,27550.80,27554.90,25625.567,1696877999999,708163296.12592,229399,13014.522,359695708.55702,0
1696878000000,27555,27632.40,27526.30,27607.60,8683.886,1696881599999,239498649.19928,94387,4654.296,128376458.59500,0
1696881600000,27607.70,27644,27542.90,27556.20,4995.344,1696885199999,137831538.83400,62913,2328.249,64248725.20330,0
1696885200000,27556.10,27627.20,27542.30,27607.40,3540.588,1696888799999,97680026.64240,48596,1892.288,52209561.60920,0
1696888800000,27607.40,27627,27562,27575.90,3771.446,1696892399999,104050578.72460,49937,1651.572,45565352.91580,0
1696892400000,27575.90,27605,27558.10,27578.30,2906.802,1696895999999,80157601.32030,39041,1289.380,35557347.18320,0
1696896000000,27578.40,27623.80,27530.20,27538.60,6207.875,1696899599999,171232483.04240,69582,3096.156,85409478.95730,0
1696899600000,27538.50,27599.90,27482,27581.70,7405.752,1696903199999,203939554.20090,74069,4026.240,110888736.33740,0
1696903200000,27581.70,27695.10,27561.10,27668.20,7155.931,1696906799999,197661850.00280,68658,3825.204,105680694.52620,0
1696906800000,27668.20,27677.80,27615.80,27621.60,3800.562,1696910399999,105033421.49540,46780,1653.940,45708137.40220,0
1696910400000,27621.50,27625.90,27569.40,27584.50,4153.519,1696913999999,114595902.19000,44133,1605.857,44306002.14660,0
1696914000000,27584.60,27598.80,27565.20,27595.90,2789.853,1696917599999,76950896.65980,35496,1577.666,43516440.76810,0
1696917600000,27595.90,27647.40,27595.80,27638,5411.306,1696921199999,149482372.76100,53457,2905.698,80263216.86390,0
1696921200000,27638,27694.90,27625.90,27634.90,6304.206,1696924799999,174370184.10660,71562,3120.292,86309910.27200,0
1696924800000,27634.90,27727.30,27630,27663.70,7505.358,1696928399999,207750681.47130,86338,3934.408,108915744.80810,0
1696928400000,27663.60,27670.70,27626.90,27650.10,4550.999,1696931999999,125817516.82930,57660,1960.185,54192447.74770,0
1696932000000,27650.10,27663.60,27589.90,27596.90,6187.019,1696935599999,170910362.05630,65310,2489.187,68772042.82780,0
1696935600000,27596.80,27604.60,27486.50,27494.10,12681.320,1696939199999,349342937.13370,111602,5688.063,156706720.25420,0
1696939200000,27494,27518.80,27389,27411.90,16341.012,1696942799999,448804084.24620,141406,7535.771,206996031.77230,0
1696942800000,27411.90,27468.30,27318.20,27384.80,22139.370,1696946399999,606374190.65416,195814,11126.058,304784407.03250,0
1696946400000,27384.90,27622.90,27340,27427.10,35962.010,1696949999999,988451991.11474,302406,18709.910,514255318.18808,0
1696950000000,27427,27463.20,27333.30,27395.50,19896.217,1696953599999,545037157.72460,200597,9876.323,270572752.05260,0
1696953600000,27395.60,27503.70,27321.60,27417.70,20885.376,1696957199999,572611309.39030,207545,9954.395,272951795.34080,0
1696957200000,27417.60,27441.70,27331.20,27356.90,11648.063,1696960799999,318777655.14400,138506,5654.205,154751186.37360,0
1696960800000,27356.90,27384,27281,27343.80,11639.880,1696964399999,318082310.17120,122153,5461.038,149247115.42110,0
1696964400000,27343.80,27408,27300.80,27386.40,10692.972,1696967999999,292651640.65310,120727,5732.747,156893624.23840,0
1696968000000,27386.30,27419.30,27308.10,27391,6200.857,1696971599999,169673041.47060,74105,2989.576,81814372.47590,0
1696971600000,27391.10,27457.90,27365,27414.50,5655.783,1696975199999,155102751.84670,62523,2734.425,74988910.65770,0
1696975200000,27414.60,27458.20,27411.20,27434.90,1928.411,1696978799999,52902545.46470,30792,908.813,24933133.15490,0
1696978800000,27434.90,27444,27369.50,27381.20,2635.845,1696982399999,72242456.48130,35280,1139.637,31234802.19480,0
1696982400000,27381.30,27466.20,27375.40,27454,4453.824,1696985999999,122089938.98130,55136,2722.857,74644296.56530,0
1696986000000,27453.90,27467.60,27405.40,27429.10,3240.129,1696989599999,88880166.02740,42912,1381.021,37885300.22230,0
1696989600000,27429.10,27429.60,27016,27110,41809.261,1696993199999,1135693086.78625,324267,16770.311,455453553.10970,0
1696993200000,27109.90,27144.30,27000,27000.70,22134.442,1696996799999,599018278.49060,185505,11002.699,297813671.00090,0
1696996800000,27000.70,27119.90,26951.70,27111.10,16312.587,1697000399999,441324262.16980,144440,8439.569,228388991.83980,0
1697000400000,27111.10,27131.10,27044.80,27102.90,7599.662,1697003999999,205875287.17180,75634,3891.907,105441063.04310,0
1697004000000,27102.80,27108,27044.80,27059.70,6473.095,1697007599999,175245440.07330,66775,3017.351,81692803.52850,0
1697007600000,27059.70,27087.90,27005,27012.80,8100.080,1697011199999,219064208.29900,76589,3858,104353791.04080,0
1697011200000,27012.70,27108.50,27002.90,27099.90,10633.652,1697014799999,287754865.25230,101549,6097.658,165008389.55660,0
1697014800000,27099.90,27279,27075.70,27275.20,20123.623,1697018399999,547068928.78398,186068,10537.252,286464160.83458,0
1697018400000,27275.20,27320,27205.20,27265.10,16775.340,1697021999999,457296165.63360,157817,7978.355,217515261.16820,0
1697022000000,27265.20,27285.20,27161,27185,9891.095,1697025599999,269253581.33750,112664,4222.704,114951148.60920,0
1697025600000,27185,27252.60,27023.80,27157.90,21765.793,1697029199999,590553718.16560,208500,10476.213,284281213.07710,0
1697029200000,27157.80,27173.40,27057.90,27132.70,10481.706,1697032799999,284094930.80350,127949,4671.233,126614742.74200,0
1697032800000,27132.70,27155,27020,27081.80,12203.719,1697036399999,330403659.20260,145045,5946.088,161006280.04450,0
1697036400000,27081.80,27092,26700,26769.10,55317.275,1697039999999,1485374246.35362,467643,24189.723,649569326.82010,0
1697040000000,26769.20,26784.40,26601.60,26672.80,37081.921,1697043599999,989817874.23964,335869,18737.756,500243352.31230,0
1697043600000,26672.80,26712,26525,26626.30,27376.191,1697047199999,728709229.84929,269646,13466.813,358543565.04630,0
1697047200000,26626.30,26708.80,26572.70,26682.50,13958.941,1697050799999,371858102.87840,154125,7334.275,195404745.07830,0
1697050800000,26682.50,26788,26668.30,26753.70,13691.414,1697054399999,365933319.06060,133737,6751.319,180456121.07350,0
1697054400000,26753.80,26769.80,26680,26714.30,7145.305,1697057999999,190893436.45660,68284,2934.909,78404665.74910,0
1697058000000,26714.40,26759.50,26666,26721.50,4607.346,1697061599999,123041337.39970,54516,2222.432,59363179.81410,0
1697061600000,26721.40,26794.40,26706.40,26777,5799.412,1697065199999,155180496.00942,72123,3053.559,81708045.64732,0
1697065200000,26777,26879.70,26746,26864.50,11210.758,1697068799999,300695437.00160,109353,7060.338,189394873.61260,0
1697068800000,26864.50,26880,26788.40,26794,7844.656,1697072399999,210459619.55870,76768,3950.322,105986841.91770,0
1697072400000,26794,26799.60,26722.40,26766.10,6881.223,1697075999999,184118803.49660,72090,3409.682,91229823.16400,0
1697076000000,26766,26939,26741.10,26889.90,10369.167,1697079599999,278431799.56860,101660,5925.591,159108825.61150,0
1697079600000,26890,26904.20,26814.50,26836.10,5572.807,1697083199999,149614052.54480,65094,2300.312,61754343.76520,0
1697083200000,26836,26839.30,26801.40,26809.40,3266.026,1697086799999,87604139.35000,44188,1488.959,39939450.67660,0
1697086800000,26809.40,26866,26768.80,26866,5383.150,1697090399999,144317988.08040,59463,2923.018,78379726.57280,0
1697090400000,26865.90,26909.90,26822.90,26852.50,7118.724,1697093999999,191296936.73860,69524,3343.604,89858890.74130,0
1697094000000,26852.40,26864.40,26789.50,26799.40,6767.045,1697097599999,181530134.18800,85412,2667.564,71557961.45330,0
1697097600000,26799.30,26811.20,26751.50,26788.40,7516.014,1697101199999,201310732.04100,88383,3718.501,99600882.86250,0
1697101200000,26788.50,26813.70,26650,26732.10,16476.907,1697104799999,440272531.41040,152360,7530.539,201226729.94190,0
1697104800000,26732.10,26774.60,26719.50,26746.20,7571.487,1697108399999,202504465.75990,81210,3939.255,105361254.52280,0
1697108400000,26746.20,26856.50,26708.60,26827.40,9621.480,1697111999999,257704909.50980,98748,5396.201,144546179.48510,0
1697112000000,26827.40,26845.80,26741.90,26817,13828.047,1697115599999,370592108.94080,148829,6650.862,178252244.68210,0
1697115600000,26817,26853.90,26667.20,26746.80,14828.696,1697119199999,396688692.93730,153267,6985.603,186889720.50410,0
1697119200000,26746.70,26767.50,26621.60,26690.20,13925.017,1697122799999,371588142.10280,143957,6578.796,175573850.62370,0
1697122800000,26690.30,26724.90,26606.20,26665.40,9760.826,1697126399999,260309399.96230,102989,5141.717,137142124.93210,0
1697126400000,26665.40,26800,26543.10,26665.10,24639.559,1697129999999,657613430.63452,212652,12372.720,330300696.50442,0
1697130000000,26665.20,26682,26534.80,26630.70,19183.628,1697133599999,510273914.34580,196933,9359.974,248994072.30420,0
1697133600000,26630.70,26719.90,26585,26648.70,8483.278,1697137199999,226203791.53440,97833,4205.747,112148467.06820,0
1697137200000,26648.60,26734.10,26614.50,26700.30,5962.546,1697140799999,159091445.23020,71954,3175.044,84723877.25840,0
1697140800000,26700.20,26749,26695,26734.40,4757.541,1697144399999,127141271.08940,51148,2268.943,60636821.94050,0
1697144400000,26734.40,26754.90,26695.50,26745.60,3879.125,1697147999999,103659238.85250,42166,1785.355,47712755.59780,0
1697148000000,26745.60,26767.20,26716.90,26739,3093.629,1697151599999,82715421.12260,44238,1516.224,40539796.84040,0
1697151600000,26738.90,26755.50,26692,26744,3548.462,1697155199999,94832555.20220,45431,1646.479,44004729.79850,0
1697155200000,26744,26849.60,26733.90,26818,10020.750,1697158799999,268605273.16892,94559,5654.162,151554469.93512,0
1697158800000,26818,26869.70,26777.10,26781.60,6435.381,1697162399999,172577784.74910,63426,2915.613,78202337.65990,0
1697162400000,26781.70,26800,26771.60,26795.30,3274.336,1697165999999,87708160.81210,35991,1873.180,50177946.68670,0
1697166000000,26795.30,26823.70,26756.30,26769.50,4271.401,1697169599999,114406640.00300,42378,1949.822,52230097.48250,0
1697169600000,26769.50,26796,26765.30,26792.60,2480.583,1697173199999,66438179.79500,30332,1435.080,38436141.95860,0
1697173200000,26792.60,26814.90,26770,26809.40,3021.862,1697176799999,80976141.16480,34064,1495.561,40078643.88140,0
1697176800000,26809.30,26847.60,26786.90,26796.60,3953.349,1697180399999,106003005.95130,43352,1983.970,53200652.47630,0
1697180400000,26796.50,26929,26796.50,26857.80,13082.375,1697183999999,351585250.05130,117433,6998.941,188097514.80120,0
1697184000000,26857.90,26892.30,26779,26783,7694.777,1697187599999,206465538.24690,78155,3135.538,84135391.58090,0
1697187600000,26783.10,26813.60,26722.20,26725.80,7586.408,1697191199999,203081520.91480,71705,3240.809,86763962.43830,0
1697191200000,26725.70,26776.70,26725.70,26766.10,3997.227,1697194799999,106954901.23050,41374,2313.642,61905121.42510,0
1697194800000,26766.20,26843.20,26766.20,26809.90,6719.788,1697198399999,180172011.11670,65472,3790.638,101633754.55080,0
1697198400000,26810,26925,26751,26920,14812.825,1697201999999,397856924.45720,137737,7449.115,200098413.34940,0
1697202000000,26920.10,26972.80,26820,26843,14417.305,1697205599999,387485695.59400,156910,6843.291,183976555.97850,0
1697205600000,26843,26843,26722.60,26745.40,11958.083,1697209199999,320302660.62500,133466,5418.781,145154702.67200,0
1697209200000,26745.30,26774,26670.10,26693,11685.236,1697212799999,312182891.02750,111503,5872.833,156909213.57330,0
1697212800000,26692.90,26797.90,26688.10,26786,9102.618,1697216399999,243548578.35680,84996,5101.865,136497565.60560,0
1697216400000,26786,26788.40,26675,26756.90,7685.813,1697219999999,205464573.36600,75606,3462.161,92548784.05710,0
1697220000000,26756.90,26777.50,26720,26734.70,3701.167,1697223599999,98985720.33010,44927,1795.124,48010064.59430,0
1697223600000,26734.60,26771.40,26709.20,26768.90,3936.790,1697227199999,105296522.04170,43815,1938.498,51850073.80000,0
1697227200000,26769,27098,26733.30,26967.80,25278.653,1697230799999,680338538.69290,166193,14978.558,403084848.73170,0
1697230800000,26967.80,27120.80,26830,27005.50,37058.099,1697234399999,1000276907.11920,293843,18382.622,496250465.22530,0
1697234400000,27005.40,27066.50,26737.10,26813.90,22625.751,1697237999999,608774349.73122,196192,8872.829,238760981.35310,0
1697238000000,26813.90,26849.80,26746,26849.80,8421.577,1697241599999,225743041.15680,85967,3899.191,104532133.64980,0
1697241600000,26849.70,26889.40,26837.50,26879.90,4786.684,1697245199999,128582393.27700,49634,2483.961,66730730.63380,0
1697245200000,26879.90,26918.40,26828.50,26900.10,4446.461,1697248799999,119470887.05140,46915,2124.209,57085309.98200,0
1697248800000,26900,26919.70,26875.60,26889.70,3085.816,1697252399999,82990141.01890,39828,1473.645,39634048.87630,0
1697252400000,26889.70,26986.40,26889.70,26918.20,7332.030,1697255999999,197510306.90960,57873,4626.526,124635529.36050,0
1697256000000,26918.20,26922.90,26886.50,26896.50,2597.856,1697259599999,69901403.84260,31995,1017.675,27384352.56830,0
1697259600000,26896.50,26926.40,26871,26874.20,3785.872,1697263199999,101824167.94550,39183,1548.867,41661695.67420,0
1697263200000,26874.20,26886.10,26842.80,26851.10,5253.197,1697266799999,141105818.13660,51944,2542.686,68301046.42840,0
1697266800000,26851.10,26863.80,26828.40,26860.50,3117.496,1697270399999,83705293.58160,35584,1501.635,40320576.42430,0
1697270400000,26860.40,26874.50,26835,26858,2832.849,1697273999999,76062480.55740,33590,1553.150,41704333.64900,0
1697274000000,26858,26874.30,26858,26870.70,1799.541,1697277599999,48346234.97160,25546,1103.348,29642742.46830,0
1697277600000,26870.70,26892.70,26851.70,26863.20,2619.577,1697281199999,70398649.44730,29313,1493.087,40127047.89730,0
1697281200000,26863.20,26867.10,26835.70,26860.10,2111.926,1697284799999,56710411.43640,26200,1000.257,26860265.79600,0
1697284800000,26860.10,26883.80,26837.60,26882.30,2403.592,1697288399999,64554707.82020,29514,1345.152,36130344.57470,0
1697288400000,26882.30,26902,26867.20,26894.70,3851.673,1697291999999,103550914.01690,39296,1983.784,53336624.34500,0
1697292000000,26894.70,26897.80,26856.70,26874.30,2240.876,1697295599999,60232342.35490,30261,957.600,25739161.24920,0
1697295600000,26874.30,26930,26864.90,26927.90,4788.075,1697299199999,128792510.70350,51414,2425.612,65252429.83320,0
1697299200000,26927.90,26937.90,26888.60,26914.80,4872.205,1697302799999,131117058.25430,55768,2170.933,58424117.74980,0
1697302800000,26914.80,26917.70,26869.90,26875.10,2838.708,1697306399999,76323830.23760,37214,1117.478,30045164.72940,0
1697306400000,26875,26877.60,26853.50,26858.50,2498.220,1697309999999,67112766.14820,31268,1205.106,32373941.59320,0
1697310000000,26858.50,26867,26835.10,26851.50,2770.009,1697313599999,74378767.03610,32058,1237.317,33224556.14660,0
1697313600000,26851.50,26852.10,26800,26831.80,3621.159,1697317199999,97135940.38410,38732,1492.851,40047167.68220,0
1697317200000,26831.90,26869.60,26773.10,26806.50,4864.909,1697320799999,130465110.30242,50188,2321.703,62267052.79830,0
1697320800000,26806.50,26843.90,26806.40,26832.70,2022.256,1697324399999,54240827.18750,28178,1140.410,30587659.81410,0
1697324400000,26832.70,26855.90,26832.60,26836.30,1623.794,1697327999999,43594061.19690,21239,767.459,20603720.60830,0
1697328000000,26836.40,26842.50,26801,26835,2461.777,1697331599999,66029205.20470,29216,1103.060,29585172.32480,0
1697331600000,26835,26896.30,26831.60,26876.50,3662.653,1697335199999,98411963.17460,41516,2127.788,57165048.89270,0
1697335200000,26876.60,26891,26856.50,26870.50,1980.944,1697338799999,53229289.17670,25533,898.784,24151493.51040,0
1697338800000,26870.50,26894.20,26861.40,26871.40,2621.148,1697342399999,70451200.65530,30991,1606.600,43182774.94650,0
1697342400000,26871.40,26879.70,26858.80,26873.10,1822.333,1697345999999,48964648.45360,20991,944.657,25382179.67400,0
1697346000000,26873.20,26875,26866.70,26868.30,736.925,1697349599999,19802082.80520,12357,388.127,10429559.49720,0
1697349600000,26868.40,26868.50,26860,26868.50,913.307,1697353199999,24535797.61260,13718,443.759,11921549.95260,0
1697353200000,26868.50,26872.70,26858.70,26872.70,980.083,1697356799999,26331050.35450,15083,560.124,15048478.03290,0
1697356800000,26872.70,26899.90,26868.50,26895,2512.020,1697360399999,67539933.51060,33131,1447.420,38916623.07250,0
1697360400000,26894.90,26909.60,26883,26890.40,2252.110,1697363999999,60573821,29561,1000.931,26922318.44350,0
1697364000000,26890.40,26890.40,26878.10,26880.90,1104.310,1697367599999,29689184.93950,15395,444.735,11956801.11310,0
1697367600000,26880.80,26880.90,26830.10,26840.40,3862.290,1697371199999,103700430.26060,42597,1585.075,42556166.18060,0
1697371200000,26840.50,26840.50,26813.10,26824.20,3195.809,1697374799999,85733206.40640,35993,1702.278,45666631.01470,0
1697374800000,26824.30,26958,26790.40,26849.70,16930.298,1697378399999,454953975.02040,137396,8452.635,227178869.91120,0
1697378400000,26849.70,26909.20,26842.90,26861.80,3395.669,1697381999999,91267006.10980,45040,1714.035,46068020.17780,0
1697382000000,26861.80,26898,26838.70,26885.60,3157.155,1697385599999,84849403.54840,38569,1697.027,45609440.35630,0
1697385600000,26885.70,26918.50,26880,26916,3395.609,1697389199999,91338528.41180,37663,1900.580,51125961.95550,0
1697389200000,26916,27013.50,26905.50,26969.50,12938.397,1697392799999,348851446.79870,108830,7736.645,208601779.29690,0
1697392800000,26969.50,27050,26943,27046.10,9142.711,1697396399999,246966117.07410,86823,5349.911,144535386.21810,0
1697396400000,27046.10,27073,26970.40,27030.10,8042.933,1697399999999,217353967.39090,82791,3537.086,95603433.39960,0
1697400000000,27030.10,27456.10,27000.90,27193.90,31110.470,1697403599999,845608217.77832,215683,19875.193,540454801.18894,0
1697403600000,27193.90,27217.70,27074.70,27164.40,12210.156,1697407199999,331517708.71060,125314,6040.689,164008694.12230,0
1697407200000,27164.40,27287.60,27056,27085.70,19358.980,1697410799999,526259728.40640,181982,8711.742,236875126.59970,0
1697410800000,27085.60,27141.40,27018.80,27139.80,12212.375,1697414399999,330512213.01110,115026,5499.619,148867584.10760,0
1697414400000,27139.80,27179.90,27095.40,27129,7959.901,1697417999999,216009803.82120,82732,3657.976,99276519.08670,0
1697418000000,27129,27265,27127.70,27181.20,10245.907,1697421599999,278747790.26350,107202,5080.401,138214282.66150,0
1697421600000,27181.20,27274.80,27161.90,27176.10,6686.098,1697425199999,181957311.89000,76749,3346.999,91095688.28150,0
1697425200000,27176,27224.20,27142.80,27221.40,5441.588,1697428799999,147937082.38360,56763,2684.206,72980767.38160,0
1697428800000,27221.40,27263.70,27176.50,27238.40,5085.024,1697432399999,138415309.84980,55246,2282.651,62145586.48970,0
1697432400000,27238.50,28168.60,27234.80,27903.40,94544.322,1697435999999,2623279446.88066,660137,53055.944,1471405211.85544,0
1697436000000,27903.40,27968,27772.40,27800,24453.177,1697439599999,681496132.86060,229645,11363.248,316722890.51220,0
1697439600000,27799.90,27914.20,27794.20,27837.20,11336.339,1697443199999,315756762.15640,119762,6032.491,168029754.49540,0
1697443200000,27837.20,27890.20,27792.70,27792.80,11488.175,1697446799999,319762083.25680,104896,5082.846,141499561.45820,0
1697446800000,27792.70,27797.90,27627.40,27757.10,24932.866,1697450399999,690712461.06562,212830,11602.228,321407673.46710,0
1697450400000,27757.20,27775.50,27682.70,27752.60,8704.049,1697453999999,241406187.11630,92102,4265.552,118317088.39120,0
1697454000000,27752.60,27759.10,27660.30,27737,6544.031,1697457599999,181351934.23730,87704,3142.304,87080405.77410,0
1697457600000,27737,27880.40,27695,27873.30,15382.845,1697461199999,427589977.75900,154558,8721.446,242459205.81290,0
1697461200000,27873.30,30720,27698.50,27986.50,355275.447,1697464799999,10196999995.52011,2304598,183487.620,5267033316.72140,0
1697464800000,27986.50,28382,27875,28181.40,70375.136,1697468399999,1978251393.69041,705785,37997.848,1068029125.79547,0
1697468400000,28181.30,28200,28021.40,28054,19397.289,1697471999999,544999957.63550,227711,9308.630,261554454.31300,0
1697472000000,28054.10,28171.90,28050,28078.20,12402.743,1697475599999,348574149.57360,151585,5899.686,165815029.54600,0
1697475600000,28078.30,28229.70,28072.80,28219,13833.784,1697479199999,389617981.87100,159028,7370.483,207592538.13830,0
1697479200000,28219,28590,28214.70,28536.90,35356.574,1697482799999,1003537647.78462,337628,18338.020,520576505.74372,0
1697482800000,28536.80,28797.90,28376.10,28457.90,37810.300,1697486399999,1080917164.96327,378209,18850.435,538964163.06041,0
1697486400000,28457.90,28633.30,28305.40,28390.80,17767.115,1697489999999,506062027.24566,194755,8387.470,238990334.44110,0
1697490000000,28390.80,28443.50,28220.70,28411.90,12447.163,1697493599999,352720147.14415,143731,6264.100,177530602.74020,0
1697493600000,28411.90,28548,28364.50,28492.50,9327.195,1697497199999,265411665.29396,116414,4625.278,131630477.75306,0
1697497200000,28492.50,28534.50,28422.60,28486.30,6206.714,1697500799999,176738671.40450,94451,3029.075,86260259.91170,0
1697500800000,28486.30,28534.40,28220,28263.90,18089.626,1697504399999,513146686.17726,182627,7495.105,212625803.43990,0
1697504400000,28263.80,28409.50,28254,28339.20,7096.634,1697507999999,201033995.28250,92665,4125.254,116863423.29060,0
1697508000000,28339.20,28379.50,28277.20,28358.30,5647.434,1697511599999,159996119.03020,75553,2679.795,75923231.48140,0
1697511600000,28358.30,28358.70,28239.20,28259.90,5291.568,1697515199999,149666129.72680,74891,2275.941,64366365.23880,0
1697515200000,28259.90,28260,28055,28175,18336.804,1697518799999,516296689.03917,175996,9082.776,255735229.77830,0
1697518800000,28175,28221.20,28128.70,28212,6040.756,1697522399999,170193421.86800,78025,3329.918,93829628.23670,0
1697522400000,28212,28227,28105.30,28214.70,8805.362,1697525999999,247896507.02470,97174,4582.700,129023716.94290,0
1697526000000,28214.70,28452.80,28189.90,28408.20,20376.955,1697529599999,577289995.52856,198584,10737.813,304158184.08286,0
1697529600000,28408.10,28509.40,28339,28425.90,18449.817,1697533199999,524360943.90420,189711,8795.127,249999846.13620,0
1697533200000,28426,28462.30,28350,28434.40,6390.856,1697536799999,181498040.58500,88423,3078.078,87425648.95870,0
1697536800000,28434.40,28605,28392.40,28495,21107.602,1697540399999,601461657.59656,215960,10959.364,312353412.97126,0
1697540400000,28494.90,28517,28405.30,28408.80,7773.890,1697543999999,221195533.26380,100379,3487.267,99232764.66580,0
1697544000000,28408.80,28458.60,28145.60,28203.50,22565.157,1697547599999,638953385.60926,218338,9558.804,270718215.56770,0
1697547600000,28203.50,28380,28117,28276.50,33486.004,1697551199999,945495205.39320,346315,17152.134,484344077.57892,0
1697551200000,28276.50,28500,28260,28449.70,23033.849,1697554799999,654034046.86650,253833,12371.150,351309413.11840,0
1697554800000,28449.70,28567.70,28412.50,28445.80,19768.827,1697558399999,563253876.24286,226887,9546.101,272012104.00406,0
1697558400000,28445.70,28591.90,28410.90,28566.70,11749.933,1697561999999,334989460.62770,136342,6364.072,181459671.06430,0
1697562000000,28566.70,28596,28347.60,28414.90,16311.912,1697565599999,463772650.40200,173937,7683.177,218410774.48690,0
1697565600000,28414.80,28474.50,28290,28334,10922.612,1697569199999,310014538.67426,125429,5204.717,147755893.98800,0
1697569200000,28334,28500,28330,28499,8402.184,1697572799999,238763555.18060,101089,4588.464,130372485.64880,0
1697572800000,28499,28528,28430,28431.30,7835.999,1697576399999,223195042.91596,80007,3359,95685461.87766,0
1697576400000,28431.40,28544.30,28390.70,28468.60,6679.517,1697579999999,190223711.85180,74733,3439.633,97971117.62870,0
1697580000000,28468.60,28473.50,28360,28405.30,6888.975,1697583599999,195771290.76120,69999,3219.541,91493120.07570,0
1697583600000,28405.40,28432.80,28371.30,28381.90,3137.485,1697587199999,89124719.35930,42824,1552.405,44100421.44080,0
1697587200000,28382,28424.10,28307.60,28361.40,6868.728,1697590799999,194799804.60956,85678,3329.310,94423170.98420,0
1697590800000,28361.50,28406,28307.60,28340,5339.188,1697594399999,151362119.74040,76287,2663.670,75516879.62720,0
1697594400000,28340,28494.90,28338.80,28455.70,8594.370,1697597999999,244296861.49610,104435,4855.213,137996906.97380,0
1697598000000,28455.60,28500,28429,28498,5101.093,1697601599999,145207208.67280,60928,2429.734,69173840.30970,0
1697601600000,28498.10,29100,28428.30,28716.80,35212.950,1697605199999,1012028434.20527,275805,20595.739,592086523.94627,0
1697605200000,28716.80,28849.90,28621.30,28681.90,35928.075,1697608799999,1031489060.37750,342411,17780.358,510492108.54530,0
1697608800000,28681.90,28728.30,28607,28653.40,9909.149,1697612399999,284100054.41520,116068,4406.990,126364297.88710,0
1697612400000,28653.40,28659.50,28450,28485.10,17828.551,1697615999999,508862656.81536,175202,7801.047,222642733.65510,0
1697616000000,28485.10,28547.70,28452.90,28543.40,10300.227,1697619599999,293598367.90000,114219,5367.162,152998553.71850,0
1697619600000,28543.40,28584.90,28204.80,28246.20,19449.592,1697623199999,552987078.19353,155778,7981,227065603.63760,0
1697623200000,28246.20,28402.60,28240,28357.80,19451.066,1697626799999,551198538.91560,184293,10312.431,292187898.01400,0
1697626800000,28357.80,28389,28313.40,28327.30,6865.062,1697630399999,194646605.31740,88298,3423.302,97071243.18010,0
1697630400000,28327.30,28393.20,28263.10,28315.70,10933.991,1697633999999,309641171.26170,122181,5316.231,150570143.09510,0
1697634000000,28315.60,28373.90,28246.50,28313.20,13069.877,1697637599999,370081826.35900,144447,6687.086,189360045.99970,0
1697637600000,28313.10,28354.20,28126.60,28180.40,24141.422,1697641199999,681410862.63793,251250,11523.146,325273696.87900,0
1697641200000,28180.30,28274.60,28142.20,28235.30,10000.326,1697644799999,282253640.56360,127946,5296.637,149498794.97390,0
1697644800000,28235.40,28386.60,28215.40,28332.10,14607.674,1697648399999,413738967.96810,162656,8004.581,226714578.73510,0
1697648400000,28332.10,28423.40,28312.20,28312.20,9943.495,1697651999999,282082884.94930,110055,4778.909,135588965.25330,0
1697652000000,28312.20,28352.50,28264.40,28284.30,6354.204,1697655599999,179930313.05760,65082,3124.247,88473132.41690,0
1697655600000,28284.30,28327.80,28228.50,28233.30,6941.693,1697659199999,196192471.68730,86302,3703.835,104683105.88180,0
1697659200000,28233.20,28293.80,28169.40,28236.90,7399.963,1697662799999,208877118.40360,93477,3403.148,96074530.20900,0
1697662800000,28236.90,28272,28200.10,28252.90,3380.997,1697666399999,95478682.71170,49183,1656.103,46767973.12020,0
1697666400000,28252.90,28330,28230.70,28330,5220.760,1697669999999,147720849.50640,58222,2948.814,83433083.97120,0
1697670000000,28329.90,28363.10,28290,28307.10,4334.175,1697673599999,122748128.62710,51529,2044.682,57911639.34210,0
1697673600000,28307.20,28383.90,28273.90,28370.10,5224.813,1697677199999,148022762.21590,62691,2855.605,80916762.47920,0
1697677200000,28370.10,28404.60,28076,28223.20,19966.645,1697680799999,563647423.01364,178894,8688.578,245291447.41790,0
1697680800000,28223.10,28261.40,28152.10,28195.80,7947.067,1697684399999,224100583.37650,96908,4211.634,118773655.66280,0
1697684400000,28195.90,28249.80,28183,28247.20,4447.818,1697687999999,125554925.35460,55673,2593.503,73210094.09390,0
1697688000000,28247.10,28275,28214.60,28271.70,3774.638,1697691599999,106624934.01950,51919,1982.278,55995819.49730,0
1697691600000,28271.70,28337,28258.60,28298.50,6067.127,1697695199999,171727807.96026,68078,3180.627,90021790.65656,0
1697695200000,28298.50,28314.50,28262.40,28275.80,3589.817,1697698799999,101548585.92590,51113,1516.566,42902977.32020,0
1697698800000,28275.70,28325,28226.60,28315,6598.711,1697702399999,186575119.15940,70129,3381.800,95633467.47220,0
1697702400000,28314.90,28366.20,28283.50,28307.80,6882.281,1697705999999,194960238.24770,73740,3285.848,93095687.82150,0
1697706000000,28307.80,28399,28267.40,28384.60,8797.645,1697709599999,249392323.89500,92930,4735.947,134261708.03130,0
1697709600000,28384.60,28498.20,28358,28460.90,19676.958,1697713199999,559565545.85550,181887,10231.282,290955047.29260,0
1697713200000,28461,28478.70,28392,28436,5861.655,1697716799999,166604623.70680,70246,2539.633,72182160.53450,0
1697716800000,28436.10,28563.60,28402.20,28460.60,23165.624,1697720399999,659774345.07676,212917,11340.115,323003092.21896,0
1697720400000,28460.60,28576.40,28414.60,28463.40,12747.597,1697723999999,363171319.47820,145303,6207.772,176885947.79800,0
1697724000000,28463.40,28742.90,28423.30,28665.60,31522.189,1697727599999,901279621.43581,282220,17587.866,502992039.98061,0
1697727600000,28665.50,28801.60,28550,28659.50,43499.591,1697731199999,1247821215.52680,391051,20444.663,586632996.27920,0
1697731200000,28659.50,28933.40,28585.60,28601.60,43676,1697734799999,1255015159.17569,404381,21382.861,614590422.68249,0
1697734800000,28601.70,28676.10,28436.80,28532.90,20588.044,1697738399999,587821420.26616,205593,9666.417,276001201.54450,0
1697738400000,28532.90,28680,28506.10,28631.50,14028.296,1697741999999,401393784.02040,141188,7829.301,224029456.96950,0
1697742000000,28631.50,28750,28630.40,28734.70,9380.066,1697745599999,269234772.48650,111472,4991.123,143252676.92110,0
1697745600000,28734.60,28883.70,28668,28699.50,18282.975,1697749199999,525819854.52560,179889,9118.699,262313271.70130,0
1697749200000,28699.50,28724.90,28590,28590,8773.812,1697752799999,251331686.16580,107885,3984.737,114154739.68440,0
1697752800000,28590.10,28691.60,28579.10,28630.80,5001.480,1697756399999,143227735.95440,61658,2734.461,78302449.09210,0
1697756400000,28630.80,28700,28614,28696.90,4172.358,1697759999999,119563941.95940,56110,2151.267,61653657.44130,0
1697760000000,28697,28756.80,28616.50,28620.50,7936.298,1697763599999,227646451.17030,85603,3857.201,110647962.34570,0
1697763600000,28620.60,28643.90,28560,28642.50,6633.908,1697767199999,189737035.94680,79652,3552.987,101618302.88680,0
1697767200000,28642.40,29200,28621.70,28967.50,41981.223,1697770799999,1213975346.88092,345908,24015.794,694541659.98402,0
1697770800000,28967.50,29400,28904.60,29222.80,54425.786,1697774399999,1588593662.19565,459778,30078.417,878132389.35595,0
1697774400000,29222.90,29347,29159,29307,21285.768,1697777999999,622621644.71300,234878,10996.462,321717051.90110,0
1697778000000,29307,29333.10,29110,29209.70,17681.823,1697781599999,516143183.51342,186875,8277.404,241605657.94430,0
1697781600000,29209.60,29274,29165.50,29267.20,9348.554,1697785199999,273160429.18360,109439,4815.034,140713114.70300,0
1697785200000,29267.30,29405.40,29205.40,29228.50,16885.156,1697788799999,494532975.50818,193686,8474.338,248249751.52828,0
1697788800000,29228.60,29840,29214.40,29719.80,63370.861,1697792399999,1876023361.29456,566009,35245.185,1043228135.52886,0
1697792400000,29719.80,29825,29636.60,29785.90,23862.199,1697795999999,709472680.88100,265705,11602.497,345011413.57710,0
1697796000000,29786,30243,29756,29836.90,74722.764,1697799599999,2238270293.34896,614759,41892.439,1255080811.82712,0
1697799600000,29837,30027.20,29788.40,29829.90,25768.502,1697803199999,770589315.76900,284256,12450.653,372355628.15920,0
1697803200000,29829.90,29900,29358.50,29498.70,57544.782,1697806799999,1703262675.73695,507008,24423.621,722992098.83480,0
1697806800000,29498.80,29656.60,29442,29635.90,21137.716,1697810399999,624552406.93180,255220,11772.208,347888394.55250,0
1697810400000,29635.80,29718.80,29395.40,29569.20,25759.895,1697813999999,760990101.03940,265509,11972.808,353757169.65190,0
1697814000000,29569.20,29588,29470,29538.70,10538.458,1697817599999,311209288.11080,119569,5252.824,155119384.47250,0
1697817600000,29538.70,29578.60,29428.70,29478.50,10138.396,1697821199999,299164283.70750,113130,4831.519,142582070.33200,0
1697821200000,29478.50,29517.50,29304,29504.10,13767.344,1697824799999,405042222.07203,154783,6665.289,196135088.25890,0
1697824800000,29504.20,29544,29453,29468.90,5729.151,1697828399999,168980106.71624,70873,2869.599,84648246.97654,0
1697828400000,29468.80,29557.20,29382.80,29549.80,8254.386,1697831999999,243190442.20830,98187,4509.537,132870978.34080,0
1697832000000,29549.80,29624.90,29493.90,29565.90,9959.899,1697835599999,294514426.33410,109084,5211.503,154111553.02230,0
1697835600000,29565.90,29629.50,29560,29597.80,3216.772,1697839199999,95216640.77660,52795,1429.132,42301608.74830,0
1697839200000,29597.90,29665.80,29574.60,29649.30,5040.760,1697842799999,149296581.46680,59969,2910.889,86222627.43590,0
1697842800000,29649.30,29784.50,29638.20,29653,16014.926,1697846399999,475687275.18798,157858,9232.289,274240307.16778,0
1697846400000,29653,29678.60,29571,29615.10,6432.750,1697849999999,190580205.36430,71183,2965.304,87860009.35710,0
1697850000000,29615.10,29621.90,29496,29521.10,6235.626,1697853599999,184306361.81434,68720,2455.195,72570936.82600,0
1697853600000,29521.10,29528.10,29443.50,29472,7042.808,1697857199999,207669476.24680,82359,2844.217,83870004.62840,0
1697857200000,29472,29615.30,29446.40,29591,10204.976,1697860799999,301517081.75840,98712,6847.308,202313436.49080,0
1697860800000,29591,29617.80,29535.60,29540.40,4664.797,1697864399999,137967004.32690,55217,2042.297,60408595.54060,0
1697864400000,29540.40,29572.10,29524.40,29564.50,2907.792,1697867999999,85915695.79470,40533,1583.174,46777988.41960,0
1697868000000,29564.50,29725.80,29564.20,29688.70,10418.705,1697871599999,309027959.59370,105906,6173.401,183099758.00640,0
1697871600000,29688.60,29716,29635.40,29681,5443.110,1697875199999,161542734.02090,72905,2873.613,85288645.11910,0
1697875200000,29681.10,29707.60,29642.80,29652.20,3883.286,1697878799999,115207281.70070,57146,1620.745,48087125.12150,0
1697878800000,29652.30,29870.90,29614.10,29829.70,12637.533,1697882399999,376006566.85182,129766,7833.731,233111309.11502,0
1697882400000,29829.70,29871,29742.50,29757.50,12022.310,1697885999999,358181548.45450,135967,5953.810,177390731.07590,0
1697886000000,29757.50,29841,29746.30,29794.70,6988.774,1697889599999,208234465.82580,92412,3601.652,107317358.43160,0
1697889600000,29794.60,29817.30,29730.50,29754.90,5905.795,1697893199999,175811280.08290,76791,2828.664,84210567.43700,0
1697893200000,29755,29784.30,29651,29761.80,9308.929,1697896799999,276686379.78260,108562,4184.260,124384253.32680,0
1697896800000,29761.80,29910,29737.30,29867.80,12992.952,1697900399999,387592326.91650,144375,7050.517,210347182.34420,0
1697900400000,29867.80,29973.90,29760,29916.50,17718.115,1697903999999,529303021.19374,201757,9205.437,275052520.52224,0
1697904000000,29916.40,29943.90,29827.90,29851.50,9750.204,1697907599999,291393934.68780,124931,4510.887,134817979.61330,0
1697907600000,29851.40,30180,29830.70,30132.40,27098.703,1697911199999,814089837.06013,278096,14950.054,449121055.88933,0
1697911200000,30132.50,30374.60,29950,30195,42916.420,1697914799999,1293131967.81917,407985,22853.725,688822561.39695,0
1697914800000,30194.90,30271.80,30013.60,30128.70,15461.698,1697918399999,465787714.25689,186024,7800.373,234991505.18849,0
1697918400000,30128.70,30145.10,29912,30001.60,12787.993,1697921999999,383719142.60014,153424,5809.224,174299217.55490,0
1697922000000,30001.70,30044.10,29955.40,29971.90,4452.681,1697925599999,133598402.07790,71184,2368.892,71080766.16270,0
1697925600000,29971.90,30017.10,29930,29981.60,3813.932,1697929199999,114310613.93650,62480,1868.087,55993473.34820,0
1697929200000,29981.60,29981.70,29828.50,29895.40,7106.067,1697932799999,212427511.46680,87486,2926.462,87480611.43760,0
1697932800000,29895.40,29994.80,29870.80,29957.90,5701.858,1697936399999,170685152.16030,74240,3333.177,99784582.30220,0
1697936400000,29957.90,30069.40,29840.70,29917.10,11047.159,1697939999999,330785322.79710,118852,5125.029,153498415.15300,0
1697940000000,29917.20,29917.20,29830,29852.20,4988.309,1697943599999,148942748.11550,68900,2438.388,72805478.23570,0
1697943600000,29852.20,29900,29831.50,29897.10,3403.270,1697947199999,101646411.08380,52372,2118.529,63276748.30350,0
1697947200000,29897,29988.40,29880,29944.20,6112.987,1697950799999,183012937.05800,74532,3182.493,95283675.03600,0
1697950800000,29944.20,30229.70,29944.20,30103.30,15859.410,1697954399999,476802308.61852,161138,9129.998,274488274.54872,0
1697954400000,30103.30,30206,30043.90,30062.10,11547.122,1697957999999,347701376.44760,151711,5202.792,156686768.46050,0
1697958000000,30062.10,30064.70,29606.60,29800.50,30046.705,1697961599999,895924811.48820,269497,12718.237,379168505.27040,0
1697961600000,29800.40,29869,29761.80,29817.30,10505.796,1697965199999,313276535.86380,136542,5424.963,161777208.37470,0
1697965200000,29817.30,29981.80,29805.50,29864,11434.545,1697968799999,342026221.17604,136951,5745.846,171858306.66144,0
1697968800000,29864,29940.60,29843.90,29880.70,6546.030,1697972399999,195691469.26770,80755,3348.717,100117054.59630,0
1697972400000,29880.80,29920.60,29801,29895.90,6958.993,1697975999999,207811577.99370,94416,3306.523,98746816.61640,0
1697976000000,29895.90,29941.70,29871.80,29882,4838.853,1697979599999,144733889.08570,68284,2338.207,69941659.77940,0
1697979600000,29882.10,29962.60,29871.80,29933.10,3685.572,1697983199999,110281926.24560,58195,2126.344,63627398.04550,0
1697983200000,29933,29939.50,29760.60,29862.10,8526.829,1697986799999,254497945.48460,103276,3725.043,111177648.13840,0
1697986800000,29862.20,29866.70,29769.50,29815.30,6190.122,1697990399999,184609921.00370,86571,3057.190,91176828.40530,0
1697990400000,29815.30,29877.70,29789.20,29854.40,5898.978,1697993999999,176029378.76900,71147,3290.644,98201600.26680,0
1697994000000,29854.40,29936.90,29854.40,29903.40,5403.578,1697997599999,161563034.10950,70833,2860.857,85536392.59010,0
1697997600000,29903.30,29922.10,29870,29870.10,2650.432,1698001199999,79224542.20790,43311,1196.695,35771692.16670,0
1698001200000,29870.10,29919.70,29810,29830,3751.245,1698004799999,112008593.36780,59307,1764.570,52692840.94160,0
1698004800000,29830,29869.90,29818.30,29838.80,2776.535,1698008399999,82862424.96330,47323,1516.232,45251709.18780,0
1698008400000,29838.80,29841.40,29700,29740.50,6153.479,1698011999999,183247443.50828,77335,2707.917,80664971.84510,0
1698012000000,29740.50,30060.20,29698,30023.40,15939.412,1698015599999,476859780.72104,177589,9102.611,272310057.20984,0
1698015600000,30023.40,30041,29904.50,29981.50,8635.539,1698019199999,258756920.95670,119765,3950.079,118363291.91560,0
1698019200000,29981.40,30150,29869.40,30107.30,15414.654,1698022799999,462627963.61756,178205,8233.897,247163297.44686,0
1698022800000,30107.30,30650,30065.60,30336.60,59875.641,1698026399999,1816503362.91317,525440,32908.467,998668353.73035,0
1698026400000,30336.70,30394,30165,30368.10,17990.346,1698029999999,544765093.24843,191676,9446.334,286099217.89408,0
1698030000000,30368.20,30818,30281,30724,35412.553,1698033599999,1082258479.70154,324677,19950.749,609856917.18214,0
1698033600000,30723.90,30877,30552,30643.10,27057.762,1698037199999,830304467.51438,282273,12805.734,392983496.51068,0
1698037200000,30643.20,30950,30569.80,30771.50,34360.983,1698040799999,1058494600.62218,362595,18060.744,556476138.45538,0
1698040800000,30771.50,30990,30656,30657.30,25937.402,1698044399999,798799025.85249,265971,12678.851,390586672.84538,0
1698044400000,30657.30,30746,30414.60,30508,22492.745,1698047999999,688040142.29831,218484,10646.577,325748167.81480,0
1698048000000,30508,30707.20,30455,30675.80,15870.002,1698051599999,485053982.74030,178771,9006.619,275318621.56100,0
1698051600000,30675.80,30689.40,30333,30466.90,25275.954,1698055199999,770350552.19852,244922,11283.776,343872927.63190,0
1698055200000,30466.80,30559.30,30455.20,30546.60,8987.853,1698058799999,274169411.26556,106699,4841.729,147712064.92226,0
1698058800000,30546.50,30777,30535.40,30644.40,17404.391,1698062399999,533338336.23391,183895,9360.516,286867829.35061,0
1698062400000,30644.40,30742.30,30569.50,30648.90,13560.884,1698065999999,415584128.24510,160178,6441.168,197410619.06150,0
1698066000000,30648.80,30700,30378.50,30590.80,25326.231,1698069599999,773323631.75041,256404,12253.050,374152440.52120,0
1698069600000,30590.90,30865.30,30572.10,30762.70,23057.037,1698073199999,708067537.53069,239027,11973.356,367787290.91539,0
1698073200000,30762.70,30963.20,30740.20,30864.10,27717.511,1698076799999,855088886.64604,306263,14283.742,440728234.78154,0
1698076800000,30864.10,31283.40,30767.60,31197.50,67933.154,1698080399999,2106611481.68065,615221,37126.492,1151731066.86431,0
1698080400000,31197.50,31300,30800,30964,53282.544,1698083999999,1654272021.23724,517403,25452.164,790324934.73478,0
1698084000000,30964.10,31171,30356.30,31156.50,48263.283,1698087599999,1492205742.45753,419792,23588.102,729991949.93784,0
1698087600000,31156.50,31430.90,31060,31339.90,44571.505,1698091199999,1393231267.86924,465422,23021.325,719796922.48164,0
1698091200000,31340.30,31829,31302.20,31511.50,67346.334,1698094799999,2127603051.12175,646977,36131.261,1141498416.90748,0
1698094800000,31511.50,31646.30,31405.60,31618.70,18263.828,1698098399999,575907392.33206,213498,9551.529,301199201.34074,0
1698098400000,31618.70,35981.90,31576.50,33358.80,202563.938,1698101999999,6733847594.99354,1557796,111929.452,3717872002.95831,0
1698102000000,33358.80,33615,32521,33074,89775.001,1698105599999,2962671064.76336,1054975,43395.221,1432505059.84921,0
1698105600000,33074,33750,32833.50,33504.40,60028.004,1698109199999,2002012793.94166,661091,31543.178,1052075283.99092,0
1698109200000,33504.40,34200,33456.90,34182.30,54133.430,1698112799999,1827932605.72734,577985,30573.073,1032548568.75330,0
1698112800000,34182.20,35300,34110,34566.10,116801.032,1698116399999,4051051934.33129,1150429,58989.709,2046213003.58500,0
1698116400000,34566,34728,34040,34071.10,50312.936,1698119999999,1735319585.86701,535246,23920.713,825584147.17270,0
1698120000000,34071.10,34566.80,34048.70,34392.20,29608.992,1698123599999,1017322542.44253,351343,15702.428,539375336.50925,0
1698123600000,34392.20,34597.90,33808.20,33902.40,33616.101,1698127199999,1149694695.45104,383400,15803.175,540663754.54296,0
1698127200000,33902.30,34126.10,33800,33979.60,31804.198,1698130799999,1080725577.20152,402733,16163.187,549329487,0
1698130800000,33979.50,34045.80,33710,34025.90,25884.285,1698134399999,877066564.52276,336277,12855.368,435672095.15754,0
1698134400000,34025.80,34235.50,33966,34125.90,21734.959,1698137999999,741336277.86411,244578,11103.022,378711003.82571,0
1698138000000,34125.80,34499.90,34054,34344.90,24650.050,1698141599999,845705176.81380,279786,12961.931,444692864.82900,0
1698141600000,34344.90,34479,34260.60,34445.40,16087.091,1698145199999,552962984.36600,222612,8162.962,280620914.40110,0
1698145200000,34445.40,34888,34413.50,34550,42789.441,1698148799999,1481577110.76715,519224,21012.111,727597286.73384,0
1698148800000,34549.90,34849.40,34455.50,34573.30,26432.998,1698152399999,915479149.67903,374216,12555.022,434909750.46313,0
1698152400000,34573.30,34592,34115.70,34434.40,35112.975,1698155999999,1207453290.62750,432727,16131.927,554786802.22063,0
1698156000000,34434.50,34472.90,34066,34422.50,26888.493,1698159599999,921646530.72530,378951,13752.910,471429256.49563,0
1698159600000,34422.60,34549.30,33244,33674,119850.225,1698163199999,4043415480.97573,1177470,57584.157,1942552250.59933,0
1698163200000,33673.90,34398.90,33490,33940,55221.494,1698166799999,1875388014.53827,686074,28939.931,983018822.39079,0
1698166800000,33940,34081.50,33778.70,33785.90,18678.552,1698170399999,633775835.45301,319164,9040.246,306784839.35170,0
1698170400000,33785.90,33889.10,33379.20,33860.80,31861.540,1698173999999,1071962102.47494,443571,16103.529,541936929.51909,0
1698174000000,33860.90,33899,33670.80,33792,12767.306,1698177599999,431330004.71130,209532,6050.249,204395143.12000,0
1698177600000,33792,33969,33618.40,33659.20,15506.453,1698181199999,524115810.82262,229652,7879.920,266389092.17770,0
1698181200000,33659.10,34307.50,33485.30,34123.30,29710.745,1698184799999,1006021056.85872,338793,16766.145,567928537.47815,0
1698184800000,34123.30,34228,33853.50,34152.60,20852.083,1698188399999,710297914.15010,305735,9542.907,325109886.44091,0
1698188400000,34152.60,34221,33713.50,33917,21659.680,1698191999999,735207416.75749,296083,10154.425,344645690.00470,0
1698192000000,33917,34043.70,33768.60,34027.10,14425.224,1698195599999,489162570.92174,214145,7210.002,244573130.85894,0
1698195600000,34026.90,34388,34002.80,34195.40,22476.880,1698199199999,769439600.70228,313319,10982.694,375958871.13732,0
1698199200000,34195.30,34216.90,33952.90,34005.40,12672.785,1698202799999,431713531.63124,194862,5497.138,187279829.64890,0
1698202800000,34005.50,34077,33918,34003.60,8020.359,1698206399999,272624907.68930,122095,3810.530,129552105.86340,0
1698206400000,34003.70,34209.40,33927.70,34194.30,9828.509,1698209999999,334824169.73666,152427,5482.029,186793318.38166,0
1698210000000,34194.30,34205.20,33888.50,34011.50,11509.717,1698213599999,391679715.58330,181878,4846.417,164917333.72340,0
1698213600000,34011.50,34182.50,34002.80,34122.70,7882.994,1698217199999,268949014.53450,131262,3922.840,133822695.75060,0
1698217200000,34122.80,34200,33660.60,33853.40,24888.064,1698220799999,843802132.72397,350304,11556.480,391869533.48886,0
1698220800000,33853.40,34031.10,33773.30,33944.30,13578.247,1698224399999,460303058.90124,213414,7144.500,242240540.04874,0
1698224400000,33944.40,34332.20,33873.60,34100.20,25972.279,1698227999999,887335974.68358,319759,13963.332,477115209.84168,0
1698228000000,34100.10,34243.50,34040.30,34242.40,11624.016,1698231599999,396989236.73290,164591,6500.946,222034452.28870,0
1698231600000,34242.40,34479,34162.30,34195.50,22615.852,1698235199999,775176403.82009,295524,11329.283,388460106.75403,0
1698235200000,34195.50,34442.10,34191.80,34333.10,18283.096,1698238799999,627719545.86254,262347,9391.442,322445485.14284,0
1698238800000,34333.10,34711.90,34283.50,34483.20,37372.210,1698242399999,1288420194.25022,460582,20275.261,699141320.44883,0
1698242400000,34483.10,34824.60,34334,34765.40,34014.239,1698245999999,1176779383.53210,453800,18032.063,624042557.55442,0
1698246000000,34765.40,35035,34633.10,34841.40,43578.191,1698249599999,1517859913.92884,622974,22563.713,786044755.30184,0
1698249600000,34841.50,35154.30,34460.10,34473.30,49591.077,1698253199999,1725344108.56251,647867,23768.335,827341643.57094,0
1698253200000,34473.30,34698,34364.60,34652.90,20005.600,1698256799999,691463436.38158,300159,10330.223,357135246.26275,0
1698256800000,34652.90,34736,34408,34657.70,17425.796,1698260399999,602570293.40463,240323,8415.350,291022830.99454,0
1698260400000,34657.70,34785.30,34540.30,34732.10,9940.640,1698263999999,344469121.21193,153972,5227.138,181146473.52963,0
1698264000000,34732,34847,34575.20,34656.10,15006.539,1698267599999,521169948.68764,228442,7206.779,250357484.80118,0
1698267600000,34656.20,34753,34501.90,34549.70,7970.712,1698271199999,275918740.61316,125079,3370.069,116679551.75458,0
1698271200000,34549.70,34648.80,34474.50,34603,7365.049,1698274799999,254721811.42636,147483,3779.559,130729908.97636,0
1698274800000,34603,34616.70,34203.50,34487.70,19319.069,1698278399999,664700948.54890,233803,9065.725,311945284.66530,0
1698278400000,34487.80,34704,34407.20,34650.10,11401.386,1698281999999,393767046.20721,167933,6136.165,212001766.96991,0
1698282000000,34650,34796.60,34633.30,34675.30,10873.634,1698285599999,377311039.16488,180973,5186.674,180000922.90158,0
1698285600000,34675.30,34782,34641.70,34740,5850.943,1698289199999,203118382.46410,103988,2952.010,102491295.61420,0
1698289200000,34739.90,34828.70,34700.20,34783.30,7269.963,1698292799999,252742573.89092,111577,3584.172,124611879.86132,0
1698292800000,34783.40,34809.40,34664,34699.70,5474.793,1698296399999,190015215.51768,89565,2500.284,86772842.71700,0
1698296400000,34699.80,34699.80,34506.40,34518.70,7525.722,1698299999999,260317544.16612,121341,3047.177,105401827.33510,0
1698300000000,34518.70,34637,34401.70,34613.80,13902.030,1698303599999,479716068.89669,172081,7180.693,247849263.18876,0
1698303600000,34613.80,34784.80,34547.60,34648.70,16045.046,1698307199999,556638240.63213,227423,8155.698,282961274.76893,0
1698307200000,34648.60,34745,34500,34517.90,14475.747,1698310799999,500688246.13930,211460,6737.959,233095911.71550,0
1698310800000,34517.90,34584.70,34400,34428.40,10404.859,1698314399999,358626728.59043,163091,5181.143,178595853.16970,0
1698314400000,34428.40,34458.30,34100,34277.20,26650.508,1698317999999,914085740.03544,311573,11992.376,411381414.09460,0
1698318000000,34277.10,34321,33963,34104.20,27253.784,1698321599999,929975328.55222,343740,13041.574,445070467.58030,0
1698321600000,34104.10,34332.50,34082,34250.90,19384.644,1698325199999,663432300.12654,222945,9411.914,322113027.13784,0
1698325200000,34250.90,34368.10,34155,34167.40,15075.412,1698328799999,516618452.57180,209454,7146.879,244973513.05160,0
1698328800000,34167.40,34329.50,33830,34198,36115.241,1698332399999,1231092312.13844,408209,17256.679,588385107.74711,0
1698332400000,34198,34262.40,33859,34050,30108.005,1698335999999,1023593877.93839,361486,14537.015,494275136.38730,0
1698336000000,34050.10,34088.40,33750,33777.60,22636.672,1698339599999,767705408.44100,281258,10139.803,343964506.19110,0
1698339600000,33777.70,33984.80,33754.60,33960,12043.232,1698343199999,407891625.65990,176962,6848.627,231970170.44940,0
1698343200000,33960.10,34094.40,33946.40,33987,9549.313,1698346799999,324848183.99364,132068,4808.858,163599034.35814,0
1698346800000,33986.90,34150,33920.50,34052.10,10611.154,1698350399999,361068633.00215,130698,5936.529,202032851.37825,0
1698350400000,34052.20,34224.10,34026.60,34189.10,10267.443,1698353999999,350575220.04826,148407,5479.172,187083661.79816,0
1698354000000,34189,34225,34090,34124.70,4124.988,1698357599999,140867350.58310,72365,1801.898,61537518.36590,0
1698357600000,34124.60,34262,34124.60,34236.70,6201.068,1698361199999,212048120.44140,93993,3478.595,118959345.88630,0
1698361200000,34236.70,34287.50,34136.40,34154,6307.377,1698364799999,215757003.00227,86043,2850.647,97513293.25117,0
1698364800000,34154,34179.60,33972,34020,9601.824,1698368399999,327161588.38214,131038,4369.589,148892525.55370,0
1698368400000,34020.10,34059.80,33774,33849,14923.236,1698371999999,506084545.71081,208051,6808.255,230909088.60950,0
1698372000000,33849,34149.90,33806.40,34093,11165.433,1698375599999,379790631.70585,149522,6280.498,213605612.01695,0
1698375600000,34093,34156.60,34053.10,34124,5429.911,1698379199999,185223493.06900,84016,2757.453,94072303.85330,0
1698379200000,34124.10,34197,34010,34099.10,8621.166,1698382799999,293904304.52596,109745,4012.629,136804294.54046,0
1698382800000,34099.10,34125,33969.60,34087.20,7651.057,1698386399999,260576654.70550,120156,3398.905,115766911.32650,0
1698386400000,34087.10,34253.30,34074.90,34242.40,7007.178,1698389999999,239388759.91826,106723,3973.797,135775487.65766,0
1698390000000,34242.40,34245.80,33929.30,33954,11375.310,1698393599999,387702156.05190,148751,5003.624,170518637.89410,0
1698393600000,33954,34141.40,33950,34092,9243.396,1698397199999,314692969.95880,130047,5226.816,177947833.97820,0
1698397200000,34092.10,34185.30,34090,34165.40,7250.861,1698400799999,247538877.86790,97202,3356.951,114600860.64270,0
1698400800000,34165.30,34183.40,34077,34080.70,5958.559,1698404399999,203375336.41190,82268,2493.107,85100072.83520,0
1698404400000,34080.60,34110,33978.60,34055.30,9193.019,1698407999999,312912179.79740,121475,4806.970,163625191.18430,0
1698408000000,34055.10,34220,33912.10,34138,17081.011,1698411599999,581989038.64646,218112,8704.748,296643740.85756,0
1698411600000,34138,34211.40,34104.70,34167.30,11176.670,1698415199999,381872521.82770,169000,5541.978,189353643.98800,0
1698415200000,34167.30,34173.90,33853,33913.50,24425.949,1698418799999,829792113.81419,298015,11511.151,391045317.30230,0
1698418800000,33913.40,34135.90,33826.50,34010.90,18098.339,1698422399999,614908863.40250,221443,8944.919,303927683.06210,0
1698422400000,34010.80,34042.20,33855.60,33881,8478.570,1698425999999,287819236.88750,112831,3871.723,131427734.17580,0
1698426000000,33881,33900,33350,33609.10,37613.620,1698429599999,1265407949.05245,372300,16041.826,539708016.34446,0
1698429600000,33609.10,33684.20,33402.40,33604.40,21873.209,1698433199999,733959651.93160,274247,10932.032,366878867.56014,0
1698433200000,33604.40,33717.30,33598.70,33705.50,7470.392,1698436799999,251450707.46332,117712,3852.177,129676453.53952,0
1698436800000,33705.60,33885.60,33686,33835.20,9572.674,1698440399999,323369917.10663,122002,5210.623,176032356.77603,0
1698440400000,33835.20,33870.60,33780.60,33843.90,5055.724,1698443999999,171053920.97750,72636,2075.144,70212102.79620,0
1698444000000,33843.90,33880,33797.20,33813.80,4014.645,1698447599999,135840706.81900,65571,1733.014,58644834.99060,0
1698447600000,33813.80,33948.90,33788.50,33893.10,5771.225,1698451199999,195562641.21680,80863,3020.585,102364429.46400,0
1698451200000,33893.20,33940,33867.40,33897.50,3559.550,1698454799999,120680680.34800,54863,1771.819,60074870.29690,0
1698454800000,33897.60,33924.40,33872.10,33924.40,3129.660,1698458399999,106071490.05020,55770,1559.460,52856846.83310,0
1698458400000,33924.40,34188.80,33906.80,34100.10,10255.613,1698461999999,349126939.99763,117399,5993.762,204047821.34913,0
1698462000000,34100.20,34107,34011.10,34068.50,5445.986,1698465599999,185510118.66460,86584,2479.887,84477650.65530,0
1698465600000,34068.50,34098,34026,34096.80,3061.109,1698469199999,104271451.56590,56993,1598.717,54462524.11890,0
1698469200000,34096.90,34199.50,34071,34092.50,7985.108,1698472799999,272566693.06376,110654,4056.599,138480203.61686,0
1698472800000,34092.60,34128.80,34040,34066.40,4422.636,1698476399999,150769126.62720,73589,1974.192,67309144.16750,0
1698476400000,34066.40,34095.20,34041.90,34057.20,3088.347,1698479999999,105226186.59590,54628,1583.070,53942942.59360,0
1698480000000,34057.20,34120.20,34038,34101.70,3437.660,1698483599999,117155255.87150,59825,2197.018,74877518.16630,0
1698483600000,34101.80,34129.30,34065.40,34098.20,3232.596,1698487199999,110229095.59280,57158,1791.202,61082446.80020,0
1698487200000,34098.20,34116.30,34081.50,34114.90,2309.834,1698490799999,78767899.69860,47269,1246.145,42496487.98110,0
1698490800000,34114.80,34535.80,34106.90,34182.50,31322.793,1698494399999,1074328136.13611,307229,15896.565,545333628.31242,0
1698494400000,34182.50,34222,33930,34035.90,16502.391,1698497999999,562352099.66904,186468,7432.103,253300106.15400,0
1698498000000,34035.90,34145.70,33937.80,34142.20,7620.916,1698501599999,259563194.60890,103447,4148.206,141298123.18790,0
1698501600000,34142.30,34166.30,34050.50,34104.30,5189.285,1698505199999,177012148.78360,82645,2344.984,79993284.12320,0
1698505200000,34104.30,34248,34075.80,34199.90,6231.641,1698508799999,212961566.79216,87402,3533.965,120769826.91356,0
1698508800000,34200,34200,34115.50,34148.40,4248.434,1698512399999,145088496.72390,67341,1663.461,56805373.27200,0
1698512400000,34148.40,34148.40,34082,34138.80,2285.542,1698515999999,77984035.21890,49615,1073.432,36628293.64590,0
1698516000000,34138.80,34230.70,34082,34171.10,3599.688,1698519599999,122900536.39630,61454,1953.280,66696923.99620,0
1698519600000,34171.20,34182.70,34118.20,34118.30,1986.771,1698523199999,67851024.51740,44124,802.939,27422506.64660,0
1698523200000,34118.30,34150.50,34098,34129.90,1983.256,1698526799999,67677933.88010,42814,1021.246,34851334.97090,0
1698526800000,34129.90,34200,34129.90,34194.80,2220.087,1698530399999,75875739.97200,45078,1084.189,37051818.07250,0
1698530400000,34194.80,34194.90,34063,34105.90,2772.884,1698533999999,94610994.31090,52693,1073.177,36609964.66820,0
1698534000000,34106,34121.70,34070,34086.60,2423.145,1698537599999,82611195.43180,47048,1281.736,43698405.13840,0
1698537600000,34086.70,34110.50,34044.50,34084.50,3279.905,1698541199999,111779214.08350,57415,1687.472,57512751.36730,0
1698541200000,34084.80,34099.40,33956.10,34010.50,6984.558,1698544799999,237558560.15430,105283,3311.013,112609137.92900,0
1698544800000,34010.50,34038,33970,34037.90,2619.805,1698548399999,89093306.89680,49802,1300.972,44245568.20600,0
1698548400000,34038,34038,33965.10,33981,2509.987,1698551999999,85343753.67300,41954,1002.858,34098449.92330,0
1698552000000,33981,34058.40,33933,34024.50,4771.844,1698555599999,162283750.60140,63167,2597.425,88338023.35170,0
1698555600000,34024.60,34046.80,34008.30,34038,1797.588,1698559199999,61172047.91010,38191,917.993,31240213.65880,0
1698559200000,34038.10,34147.70,34020,34093.40,4307.185,1698562799999,146822039.58950,60854,2149.038,73254399.11130,0
1698562800000,34093.50,34136.90,34062.30,34086,2367.951,1698566399999,80736532.84550,44729,1221.287,41643416.86740,0
1698566400000,34086.10,34280,34082,34257.90,8436.026,1698569999999,288488973.99584,106044,5058.703,172989318.97324,0
1698570000000,34258,34300,34173.90,34226.50,8008.517,1698573599999,274214161.97980,118540,4015.881,137513983.58780,0
1698573600000,34226.50,34230,34162.40,34185.50,3660.918,1698577199999,125187905.14870,56581,1575.540,53877561.83710,0
1698577200000,34185.60,34349.40,34171.30,34272.60,9159.624,1698580799999,313984744.73530,104946,5468.391,187430897.98300,0
1698580800000,34272.60,34441.80,34272.30,34440.60,10350.637,1698584399999,355685091.73753,129746,6139.830,210993563.89783,0
1698584400000,34440.70,34552.30,34338.20,34393.90,16048.892,1698587999999,552552093.46802,193536,7730.020,266208437.25822,0
1698588000000,34393.80,34534.50,34336.60,34496.90,9195.108,1698591599999,316753139.31880,128691,4707.994,162199653.62630,0
1698591600000,34496.90,34579.70,34414.20,34462.50,10807.812,1698595199999,373007402.98303,139667,5156.651,177988330.22023,0
1698595200000,34462.60,34470.40,34382,34405.60,5354.753,1698598799999,184298883.20810,89632,2497.894,85971558.85160,0
1698598800000,34405.60,34773.80,34386,34575.60,21789.673,1698602399999,754783797.73297,253311,11685.139,404631016.49995,0
1698602400000,34575.60,34769.30,34573.20,34697.50,10440.711,1698605999999,362158882.21068,168822,5238.204,181683787.20708,0
1698606000000,34697.40,34718.20,34518.50,34571.50,7512.073,1698609599999,259928904.96482,116213,2926.985,101274031.04276,0
1698609600000,34571.60,34650,34537.10,34588.20,4329.483,1698613199999,149780585.57710,76659,2155.395,74577789.93810,0
1698613200000,34588.20,34669.60,34400,34444.80,6114.228,1698616799999,211257828.93293,93045,2410.972,83348598.87610,0
1698616800000,34444.70,34746.70,34443.30,34708.20,8009.719,1698620399999,277283345.61821,117121,4658.705,161265482.25131,0
1698620400000,34708.10,34713.70,34457.60,34528.60,8040.553,1698623999999,278007745.09106,109929,3337.658,115370342.59570,0
1698624000000,34528.60,34578.80,34458,34467,5282.109,1698627599999,182333335.40980,77668,2447.347,84490141.76480,0
1698627600000,34467.10,34532.80,34416,34431.30,4989.917,1698631199999,172041060.59133,76987,2457.526,84735584.44210,0
1698631200000,34431.30,34431.40,34179,34328.50,17365.791,1698634799999,595616535.30874,204804,7911.592,271368109.62190,0
1698634800000,34328.50,34335,34241.70,34276.50,4577.138,1698638399999,156949822.71180,74364,2144.165,73522612.34860,0
1698638400000,34276.60,34355.90,34222.30,34324.20,5303.021,1698641999999,181913328.91510,76159,2764.389,94838870.36740,0
1698642000000,34324.20,34358.70,34223,34261.60,5929.563,1698645599999,203326083.92570,88594,2456.023,84222231.99240,0
1698645600000,34261.60,34329,34182,34303.10,6512.680,1698649199999,223133963.45240,96177,3188.010,109244597.59620,0
1698649200000,34303.20,34349,34104,34191.70,14434.341,1698652799999,493910058.80831,174970,6287.726,215167358.46370,0
1698652800000,34191.80,34449.80,34161.70,34385.60,14576.440,1698656399999,500372702.12353,191032,7573.789,260013557.22113,0
1698656400000,34385.50,34700,34385.10,34537.40,20602.598,1698659999999,711877828.63271,238166,11085.543,383018317.09291,0
1698660000000,34537.40,34590,34428.40,34540.90,10112.582,1698663599999,349006986.36640,134668,4928.641,170110197.08280,0
1698663600000,34540.80,34677,34477,34627.90,9457.938,1698667199999,327204537.75486,120636,5171.517,178936305.93726,0
1698667200000,34627.80,34888.20,34555.50,34596.20,29616.429,1698670799999,1028144003.53675,328280,15093.392,524053904.42845,0
1698670800000,34596.30,34784.90,34474,34670.80,18462.707,1698674399999,639479287.51704,216957,8161.799,282766627.59912,0
1698674400000,34670.80,34850,34559.50,34618.30,19090.636,1698677999999,662406630.00714,243941,9386.780,325738707.41648,0
1698678000000,34618.30,34768.70,34603.20,34664.50,9542.577,1698681599999,331032980.05902,136065,5032.299,174581349.22266,0
1698681600000,34664.50,34664.50,34351.20,34471.10,15332.054,1698685199999,528984648.89331,186790,6822.339,235381890.18240,0
1698685200000,34471.10,34477.80,34050,34316.30,36356.935,1698688799999,1244362888.08740,341021,17038.761,583121622.03170,0
1698688800000,34316.20,34367.30,34263.70,34318.90,7119.458,1698692399999,244360160.93700,104285,3271.856,112310068.32560,0
1698692400000,34318.90,34445,34286.30,34440,7234.533,1698695999999,248770792.42473,99658,4082.559,140379889.56623,0
1698696000000,34440,34447.90,34320.10,34426.20,5290.369,1698699599999,181920106.87170,87636,2384.095,81988485.64300,0
1698699600000,34426.20,34593.10,34362.30,34541.90,7070.952,1698703199999,243979853.36086,97098,4021.006,138745674.70436,0
1698703200000,34542,34553.20,34458,34475.60,4435.341,1698706799999,152965560.65970,66054,2082.883,71834822.14070,0
1698706800000,34475.70,34518.60,34451.80,34483.80,3145.239,1698710399999,108464797.60410,55897,1726.100,59526268.95100,0
1698710400000,34483.80,34620.70,34455,34525.50,9001.883,1698713999999,310878451.35756,110484,4514.696,155932495.23866,0
1698714000000,34525.50,34552.70,34400.20,34458.90,6474.087,1698717599999,223126574.26390,85911,2666.626,91904930.81120,0
1698717600000,34458.90,34478.30,34269.80,34361,8892.128,1698721199999,305543520.42092,118118,4003.697,137580133.97840,0
1698721200000,34361.10,34390.60,34206.10,34219.90,8040.682,1698724799999,275678530.43220,114656,3817.900,130908566.73970,0
1698724800000,34219.90,34296.60,34186.70,34240.70,6462.549,1698728399999,221287341.17536,94319,3752.235,128489327.22560,0
1698728400000,34240.60,34345.50,34160.70,34285.20,7989.908,1698731999999,273787160.75400,100518,4175.117,143078449.07580,0
1698732000000,34285.20,34360,34137.60,34255.90,10448.176,1698735599999,358067372.06855,127903,5282.020,181054287.45780,0
1698735600000,34256,34306.90,34080,34151.90,12940.934,1698739199999,442183058.65100,148655,5216.955,178266108.10500,0
1698739200000,34151.90,34437.80,34016.80,34414,27196.146,1698742799999,932002566.96425,285214,15563.587,533566192.83383,0
1698742800000,34414.10,34478.10,34352.90,34428,9808.251,1698746399999,337528337.02420,125059,5322.808,183192559.86230,0
1698746400000,34428.10,34470,34366,34454,5982.656,1698749999999,205948753.49550,88571,2819.883,97086133.42480,0
1698750000000,34453.90,34563.60,34404,34504,10132.412,1698753599999,349487759.44013,145948,5331.295,183901380.99793,0
1698753600000,34504.10,34533.10,34278.60,34316.50,15372.685,1698757199999,528702682.86660,183255,6345.112,218213504.06450,0
1698757200000,34316.50,34355,34152.40,34227,14365.287,1698760799999,492224101.02784,175740,6897.741,236372637.73640,0
1698760800000,34227,34382.90,34133.70,34331,19754.519,1698764399999,677111600.76115,228091,10215.472,350162734.10900,0
1698764400000,34331.10,34386.70,34160.40,34290.20,15320.762,1698767999999,524956846.40760,196787,7751.339,265612720.40850,0
1698768000000,34290.30,34546.60,34240,34445,16091.451,1698771599999,553776825.23305,187023,8873.973,305400912.04415,0
1698771600000,34445.10,34453.90,34366.40,34397.30,6785.959,1698775199999,233438561.16110,89848,3169.253,109017633.71500,0
1698775200000,34397.30,34516,34353.60,34491.60,6893.094,1698778799999,237350745.23160,84680,3903.245,134418868.53950,0
1698778800000,34491.60,34632,34447.90,34553.50,14961.685,1698782399999,516563344.84382,149371,8103.582,279812184.50752,0
1698782400000,34553.60,34740,34530.50,34651.70,14667.640,1698785999999,508016425.68727,167897,7393.595,256115857.69431,0
1698786000000,34651.70,34744.70,34439.50,34494,12136.259,1698789599999,419748325.47004,140875,5621.314,194482838.65568,0
1698789600000,34494,34660,34455.60,34571.70,6743.303,1698793199999,233075623.69946,88494,3660.413,126515395.75246,0
1698793200000,34571.70,34677,34528.50,34651.40,5988.111,1698796799999,207256385.47330,81161,3031.079,104913330.97720,0
