currentPrice,datatime,high_5m,low_5m,price_5m,high_5m_confidence,low_5m_confidence,price_5m_confidence
0,0,0,0,0,0,0,0
62956.0,1714406940000.0,62811.411361985614,62521.85787689167,62577.85003880282,0.8559260905469909,0.6906189094602737,0.706801111552111
62947.5,1714407000000.0,62802.33380894781,62521.85234411308,62569.74152087967,0.8647333902652926,0.7183368564549413,0.7108036961458593
62950.0,1714407060000.0,62806.5233687893,62524.72593225945,62572.45065703894,0.8591230513450723,0.7094820964049654,0.7023477196233066
63052.5,1714407060000.0,62896.33692897576,62441.02782834184,62605.6373434758,0.8427870148658206,0.6436154705264908,0.5765005564169112
63037.4,1714407180000.0,62882.142548479256,62432.54324488319,62599.109881437376,0.8405297578803789,0.6297144740359175,0.6232711671365345
63024.0,1714407240000.0,62870.64662681525,62420.43082435992,62589.28360522344,0.8348048514566607,0.6342866515966905,0.6145096551991099
63000.0,1714407300000.0,62846.058371859,62457.233146875,62561.474706276,0.8459260369176006,0.6869286696900696,0.6355159744678361
62959.7,1714407360000.0,62807.399485962924,62450.23982769624,62592.661823899514,0.853809590229379,0.6843892119225394,0.7314998455915095
62949.1,1714407360000.0,62798.46517197104,62458.96569800283,62582.968998340366,0.8603594072479278,0.694011706096938,0.7391299134638842
62948.1,1714407480000.0,62794.714290640084,62347.18651672298,62524.91787341366,0.8454790217231085,0.6837499138507553,0.6565410896982465
63042.9,1714407540000.0,62883.112430405505,62408.78292711797,62517.57374622572,0.8301749485545027,0.682473179315837,0.5545989352468034
63040.4,1714407600000.0,62882.006490700376,62402.79432238597,62517.58413670055,0.8283031572916715,0.6853268574431854,0.5488440959058339
62956.0,1714407660000.0,62798.607293773384,62335.45229437308,62448.49249243001,0.8278482324292327,0.6540658526989261,0.5887026047317805
62994.0,1714407660000.0,62836.22390592288,62351.06785519598,62470.20427423365,0.8302091277950648,0.687566333737283,0.5866741742148998
62972.2,1714407780000.0,62813.13183879552,62348.00326590344,62462.074029004354,0.8312762228585118,0.659828309494049,0.5893897534057575
62984.0,1714407840000.0,62829.0857640895,62375.02946862508,62462.18079126815,0.856356474463781,0.622920394160581,0.5774380422080418
62983.9,1714407900000.0,62829.26993926434,62377.23732135032,62465.225162587834,0.857483819206558,0.6225304681701482,0.573263496797634
62985.0,1714407960000.0,62829.31467575314,62379.98867276787,62471.27042428057,0.8595665977759981,0.6232319586145976,0.5655076832721826
62962.0,1714408020000.0,62807.657875140496,62382.63223467651,62552.08637272609,0.8430398539680559,0.6261479546381405,0.6627769865616184
63000.0,1714408080000.0,62839.509762834,62411.781017313006,62567.517015675,0.8409130602602932,0.6217888745647344,0.6286678340648701
62949.9,1714408140000.0,62795.27015306924,62430.37513224516,62556.12249912526,0.8465608440806552,0.7006569081102177,0.6929319723028686
62872.4,1714408200000.0,62724.37498532519,62412.403925119215,62483.08665799997,0.8456928962713319,0.7950994963168394,0.7161593910849082
62833.3,1714408260000.0,62689.47695290674,62423.85494713868,62502.541204970286,0.8511869052540644,0.7255266347220217,0.7555678912661192
62839.0,1714408320000.0,62694.00696279172,62415.784532225174,62493.73197872477,0.8520911900218342,0.7659970220675993,0.7317267624044326
62860.2,1714408380000.0,62717.428682368554,62396.57321008979,62495.74065712495,0.8689691109218127,0.7650633532584163,0.6950588048851498
62872.6,1714408440000.0,62728.26560101367,62401.53410729352,62509.044850417195,0.8584001605366645,0.7121866706378649,0.6911698990209213
62900.0,1714408500000.0,62754.227568745904,62375.0653393245,62491.4180462743,0.8589944654274327,0.6743647036229524,0.680806088471814
62873.4,1714408560000.0,62729.49923853948,62226.19378923278,62489.45555711049,0.8640697431878374,0.6426069317225982,0.7575776310528961
62823.0,1714408620000.0,62679.870835423986,62210.078857027926,62499.553669752175,0.8462505375638006,0.6071844530637442,0.8312923807771037
62810.0,1714408680000.0,62667.036552697056,62204.85227226974,62500.51772836388,0.8463009129344576,0.6209919373837698,0.8329360123415248
62844.8,1714408740000.0,62683.21891277286,62175.77881498862,62487.68907376107,0.8209967462498708,0.5922924699927885,0.6829438489358686
62818.0,1714408800000.0,62661.849479636054,62165.78703252126,62500.37413452617,0.8280071247655219,0.6372193389657956,0.8083726083308405
62816.4,1714408860000.0,62658.89188185958,62166.946211313,62501.940650829514,0.8263343334178493,0.6310113449423216,0.8094010804721722
62819.4,1714408920000.0,62657.92157083211,62120.438844927194,62333.93386888297,0.824577124376221,0.42561011839296603,0.5798194385607546
62820.0,1714408920000.0,62658.60460233317,62119.98975240576,62334.47640858768,0.8245934244378655,0.42648503586797415,0.5798441014768714
62812.2,1714409040000.0,62651.42235159097,62126.71632136878,62333.90672506201,0.8261789832105234,0.5226771629078697,0.5671425315391136
62843.1,1714409100000.0,62678.62776696868,61996.66892456755,62283.853243791404,0.8245876418595878,-0.27202795232040544,0.477530882645272
62879.5,1714409160000.0,62714.461126962284,62000.94408487808,62288.3913940163,0.8266078915864546,-0.2751848189857642,0.48705880884397224
62846.6,1714409220000.0,62682.911614572185,61996.80303168445,62272.63803392773,0.8261776186044398,-0.2595995698081881,0.4995339258995741
62849.0,1714409220000.0,62683.28258733042,61961.96551376245,62065.68849044425,0.78886125713499,-0.18394160997277775,0.3947376592055537
62861.9,1714409340000.0,62694.727703654105,61989.43553673999,62085.85077590839,0.7797880263745296,-0.2242064234093959,0.38020750947035353
62827.2,1714409400000.0,62666.671293112035,61956.54226794909,62056.207775726856,0.8150909421124299,-0.184721408427571,0.3757205868733403
62818.5,1714409460000.0,62655.39791989509,61765.964656383745,62019.7588845374,0.8191103016191917,-0.21141826114314544,0.37627764700042377
62768.0,1714409520000.0,62602.37497817928,61854.17188411647,61981.09496483581,0.8251280483106572,-0.25945221275944896,0.34231052903119163
62758.0,1714409520000.0,62592.94216892175,61841.04453462621,61973.88392542808,0.8238745410830653,-0.24029990206660434,0.3385812656208571
62750.0,1714409640000.0,62582.522792504504,61854.49142757575,61969.82149340975,0.8169219456509627,-0.14215517901741603,0.3998905104806403
62784.3,1714409700000.0,62617.13377065184,61881.52786009995,62006.67773797905,0.818971806276543,-0.1795443921382378,0.4242270211610689
62784.0,1714409760000.0,62616.93337152979,61888.62920102093,62009.68109296493,0.8146790379846899,-0.17143397106138725,0.40695360951532833
62773.7,1714409820000.0,62604.011916054245,61894.749350867656,61979.12771255,0.8199352600536226,-0.18527031111419112,0.403394157996536
62770.0,1714409820000.0,62600.071632394654,61893.00641015909,61985.32559272868,0.8189458812934457,-0.18466608190050438,0.399455005970205
62757.8,1714409940000.0,62586.92946389491,61888.46863557425,61975.12947996155,0.8184840704981509,-0.16921305207571602,0.399887764569808
62825.6,1714410000000.0,62652.28899934515,61928.59750691808,62019.36700856547,0.7996164253832021,-0.19627109222240913,0.36283693459175304
62823.2,1714410060000.0,62649.29808780977,61934.05469494816,62024.36671985406,0.802296512016494,-0.1828962236813101,0.3782319124795833
62840.0,1714410120000.0,62664.20209015252,61942.536870980366,62032.225739695474,0.7982775634817475,-0.23659694548202737,0.37241253009076014
62919.2,1714410120000.0,62746.75033671851,61919.544322423666,62080.576896195686,0.783444745922471,-0.501344833635698,0.2972756873675484
62942.0,1714410240000.0,62768.87200576531,61790.56685813911,62071.12749445144,0.7854962547082446,-0.984016115598336,0.2249235151727198
62989.5,1714410300000.0,62812.28307370789,61571.81832266717,62036.264042168834,0.7722423876926194,-1.3155675255523387,0.0809298431022849
62946.0,1714410360000.0,62771.926494540276,61867.18330548584,62131.432335688405,0.7848058450534287,-0.3062093436559994,0.3883805483582782
62934.8,1714410420000.0,62760.24744387029,61864.07168932325,62131.39832337272,0.792041994438736,-0.26907103041657354,0.3980496425497547
62904.5,1714410480000.0,62731.04555613099,61866.32682557069,62097.28530564146,0.7877667173916396,-0.28765161689411833,0.3967785862782188
62863.0,1714410540000.0,62689.03656407539,61965.39244742644,62068.38105911839,0.7971886565349703,-0.22440650754046065,0.4146645321946425
62863.5,1714410600000.0,62689.760733762174,61969.71064718197,62065.106697290204,0.7892797927225297,-0.2345467891521591,0.4049641940658031
62843.5,1714410660000.0,62669.13098428122,61961.773949040384,62049.15635368928,0.7920930423692905,-0.17988911104115757,0.41604805064875716
62861.4,1714410720000.0,62692.21729541281,62049.10195406302,62050.28051824999,0.8113464622748847,-0.18259103509855312,0.33658754729969886
62858.0,1714410720000.0,62688.889943305214,62054.14891322946,62046.68535903797,0.8114731176467014,-0.17674585282285937,0.3369100815362813
62874.0,1714410840000.0,62703.03805238945,62061.57772718412,62069.70197990255,0.8159789140504146,-0.21533596432701474,0.3220314472671414
62861.0,1714410900000.0,62695.98346368088,62114.82595757122,62097.83570507438,0.8192090432267128,0.22252939444219944,0.40414987350626297
62945.9,1714410960000.0,62780.755349831874,62107.78710520746,62156.07209775336,0.8304210419439919,-0.1864543812315813,0.37057542804640975
62965.1,1714411020000.0,62795.68090095977,62122.49672083146,62165.54356230528,0.8175494473645426,-0.1804480580719976,0.3423642236386014
62962.5,1714411080000.0,62797.56915873199,62178.906750950024,62177.166196648315,0.8077917152081441,-0.160944703737244,0.35060949876387637
62914.5,1714411140000.0,62748.367051238354,62230.056391513936,62133.848852146184,0.807713865566062,0.4189339599635966,0.3591512730823375
62894.6,1714411200000.0,62732.49083791137,62222.68746117757,62129.77198441563,0.8024474027043373,0.39495299791793415,0.34193503395221514
62924.0,1714411260000.0,62764.18721935708,62258.305617642574,62264.467891943204,0.8152433341735721,0.5025240072769488,0.4834981240303532
62930.3,1714411320000.0,62770.10289496782,62248.32572556916,62270.092255397234,0.814583941264324,0.4886374880676141,0.49367878290362355
62915.9,1714411320000.0,62756.41337569394,62245.74923505839,62273.827522786945,0.8169249168132633,0.5182832657436116,0.48734505637425685
62971.3,1714411440000.0,62807.24293114556,62299.08183735414,62230.07672436394,0.8337565765192886,0.45119242278895,0.37784396174273116
62962.6,1714411500000.0,62796.744291503775,62305.683063328834,62259.0693918593,0.8231040346411014,0.45293518128721555,0.33743379661786677
63041.3,1714411560000.0,62878.20587729307,62341.69029684584,62276.31374258786,0.8354599870966898,0.28896764563569044,0.426214873940683
63014.8,1714411620000.0,62850.53296132338,62393.1409855345,62392.138133475186,0.8414858881341073,0.5651002708611716,0.49935160876180873
63029.5,1714411680000.0,62864.63513856305,62393.967964313,62395.70500949361,0.8409349385962566,0.5305287488082635,0.5013560865396509
63195.7,1714411740000.0,63029.77126452566,62403.280523527166,62399.7375546232,0.8250655753538634,0.13442035455083812,0.4175947554305315
63107.6,1714411800000.0,62950.1200237205,62504.48771017613,62479.823651294086,0.8346802084623095,0.5894461872124672,0.4960556141117465
63066.2,1714411860000.0,62919.544306397744,62491.7357508472,62469.034375086485,0.8550850428995144,0.5392192098551735,0.48782283305945784
63078.3,1714411920000.0,62927.888941462166,62484.480743829256,62480.151956572445,0.8535871315758202,0.5924914248514022,0.48198809171984713
63050.1,1714411980000.0,62985.630372268475,62701.218606860995,62593.37059664505,0.9100650688197492,0.7929807728786602,0.5713771478958578
63057.4,1714412040000.0,62986.138114729845,62698.929826080166,62596.823878648334,0.9062261447721252,0.7637119486049168,0.5735514586010042
63036.6,1714412100000.0,62978.35435495064,62690.40997555329,62622.33062733367,0.9090467758201405,0.8155756990045107,0.6586930829225246
63008.0,1714412160000.0,62969.304816303455,62756.9583943984,62806.826424810686,0.9340310279121178,0.8753506730595408,0.8412070993325247
63003.1,1714412220000.0,62971.201317418716,62761.510376469545,62800.40430939782,0.9398122870566746,0.8672182412932464,0.8431462868354916
62969.4,1714412280000.0,62980.794832188265,62747.36957086681,62785.66322513331,0.9405694386542489,0.8893374517497883,0.8324247151714986
62961.1,1714412340000.0,62902.15396234401,62722.8275860096,62804.26545264664,0.9129385159414131,0.9207268111810059,0.8232511385817594
62953.6,1714412400000.0,62907.13268590271,62715.96814584352,62807.886223603586,0.925653830383977,0.9232364227957435,0.8096378653936112
62965.8,1714412460000.0,62903.18295103049,62722.08415371956,62803.283580638694,0.9131368270299424,0.9112710801681293,0.8276186012609132
62934.3,1714412520000.0,62809.167640747546,62718.550466519635,62878.47190917757,0.9008973813468969,0.8993462116040633,0.8847829192520134
62952.3,1714412580000.0,62812.64313352201,62726.02686102527,62869.748232523016,0.8858813401724237,0.9099783001975075,0.8750564773870402
63046.0,1714412580000.0,62903.690333567116,62714.34590375156,62859.72089636758,0.872402189446754,0.9045224410204252,0.8295046259525519
62964.8,1714412700000.0,62854.65622938728,62701.66999879703,62774.34160530652,0.8993353136451092,0.8920040007189272,0.8551460548201997
62996.0,1714412760000.0,62857.885595053376,62710.457196543975,62787.687474039936,0.8778908905852109,0.8820520077420538,0.8682153857613538
62969.3,1714412820000.0,62847.120170697075,62702.157973028014,62777.04212927294,0.8912366873974172,0.8767406735886565,0.8538774091464348
62957.3,1714412880000.0,62815.83924505783,62655.94749525902,62764.02460080016,0.8823342043539214,0.8894218019746265,0.8541424647469252
62944.2,1714412880000.0,62806.41672968724,62655.59988712937,62766.79648639046,0.8866291823796002,0.8847515516596707,0.8512920829897326
62979.9,1714413000000.0,62837.228290627565,62661.817101662804,62764.58580080473,0.8821230097530617,0.8964498580214183,0.855669437086771
62976.5,1714413060000.0,62834.418831707706,62646.63616280486,62724.299464766314,0.8697353783000763,0.8921702556908371,0.8478545322426702
63010.6,1714413120000.0,62870.24226730027,62661.589073830335,62727.14107185371,0.862955853948443,0.8036207102513955,0.8478873190152075
62980.5,1714413180000.0,62839.753111471546,62645.53644528062,62726.10201705796,0.8678017260194001,0.8621914249300197,0.8470667627727393
62984.8,1714413240000.0,62847.886295435594,62669.848457439795,62712.85160356069,0.872106784871046,0.9109636939387202,0.8530016169397536
62995.7,1714413300000.0,62856.60425099087,62679.474627306816,62719.48187151425,0.8735663938073399,0.905599128483123,0.8579389108330993
63051.1,1714413360000.0,62910.73099412477,62679.41470969022,62736.55944171919,0.8755852496214636,0.797902493827672,0.8060854752767498
63035.4,1714413420000.0,62895.71985726607,62676.50759420213,62727.44133846895,0.8747682083143529,0.8294556258029865,0.8182666994671093
63012.4,1714413480000.0,62875.36733813359,62675.65197340117,62718.80968166561,0.8768866516514059,0.8555039169654628,0.8292018615830982
63000.2,1714413480000.0,62866.90873143946,62673.17743905043,62716.471492373435,0.8853079389514668,0.9006650542338162,0.8502062283794746
63023.7,1714413600000.0,62891.24938193318,62698.90179006166,62739.90611686016,0.8901274711620101,0.8746848558010275,0.8522951789769619
63022.2,1714413660000.0,62891.39466907359,62691.84436423203,62737.24654933354,0.8845702575555368,0.891825258369273,0.8574124820528336
62958.7,1714413720000.0,62869.62848612563,62681.95183391416,62740.024655291134,0.9239326183809495,0.8831142327395698,0.8690780147877335
62951.4,1714413780000.0,62824.20466863541,62723.32673839753,62769.876117983615,0.8896975330627674,0.8963384582322376,0.8583637158810319
62968.3,1714413840000.0,62832.141762472675,62719.86961868997,62774.64252738372,0.8713633915932331,0.8914269254360399,0.8786540766996876
62943.0,1714413900000.0,62827.90318438302,62712.9649523957,62768.59331766368,0.8834321720641674,0.9188250160106451,0.8583852587385343
62931.7,1714413960000.0,62886.08211694329,62704.67770902164,62793.22842521736,0.8940865289906209,0.9212806391951597,0.8909294393204596
62852.2,1714414020000.0,62880.61765066069,62704.737374885495,62794.63889554143,0.8760496836015437,0.9518617532842842,0.8947652968097163
62882.1,1714414080000.0,62890.923382664994,62706.23119049142,62789.36127004662,0.8816270452499932,0.9020235696742686,0.8983091232097877
62902.1,1714414140000.0,62931.74081451397,62707.46140444921,62763.832041757174,0.9575005801776296,0.8609155503531034,0.8675185240906679
62909.9,1714414200000.0,62939.78348066141,62702.95258970446,62771.027734095216,0.9541468560355181,0.8566549360930767,0.8722117677332161
62850.2,1714414260000.0,62931.37452480458,62704.172922253776,62743.346194957965,0.9496702638948562,0.937645200868507,0.8123155995012941
62855.5,1714414320000.0,62875.665841024944,62754.845064513764,62735.38373782151,0.9388435411350282,0.9668242382107073,0.871469388691971
62863.5,1714414380000.0,62898.14813500439,62753.43257247967,62741.131337461404,0.9348988809953506,0.9567230808650418,0.8652317257491035
62868.5,1714414440000.0,62899.09283634312,62747.12152335223,62742.51217831098,0.9226461278885308,0.917939290876455,0.8641173075754104
62893.4,1714414500000.0,62863.14407258188,62763.781360163404,62884.1599065787,0.9623617554805994,0.9402485860999719,0.9094761280171767
62920.4,1714414560000.0,62862.04815781394,62747.2444941186,62884.05944316405,0.9718385095090923,0.8856284318613933,0.8624064225313013
62951.9,1714414620000.0,62865.96839230901,62765.13605430743,62868.88121795551,0.9435242343590668,0.8358436862499767,0.8846602658185823
62931.0,1714414680000.0,62863.15954935994,62777.221385793164,62788.2611432626,0.9709764972341952,0.9237352670846899,0.8254992703245083
62939.0,1714414680000.0,62860.818987157894,62773.20563588404,62792.00252207374,0.9706356921510086,0.900218138905251,0.8235521239615711
62945.4,1714414800000.0,62861.80469204273,62770.99022229843,62789.707043849485,0.9636651234978019,0.8778190583489878,0.8182307500722342
62928.2,1714414860000.0,62865.66030045762,62741.64665343099,62805.00400456189,0.9645264744794713,0.9543329062833723,0.9006989028261584
62918.1,1714414920000.0,62862.924866837464,62739.34062914469,62815.502626440386,0.9797299623556293,0.9621987824480498,0.9142956514506518
62917.0,1714414980000.0,62863.10863428851,62739.13512798038,62817.24717920999,0.9792193840802121,0.9643502753790314,0.9116717800019167
62910.2,1714415040000.0,62899.49364761844,62721.47836170478,62815.97032545794,0.9588345925409973,0.8348719299714566,0.8952555597804513
62931.8,1714415100000.0,62905.93622289921,62729.56726855419,62818.31646257417,0.9623431166125418,0.8328844371541757,0.900059810472614
62928.2,1714415160000.0,62904.65361661475,62724.80183075478,62817.54120576872,0.961325982884259,0.82559360471573,0.8855911258669107
62910.2,1714415220000.0,62899.90846829235,62757.474576184504,62808.255943121156,0.9710408856838538,0.8944141996138457,0.8160087366360522
62927.5,1714415280000.0,62900.685688564954,62736.94956801267,62815.07308645072,0.9720407530398554,0.824370251018815,0.8359941030586937
62912.5,1714415340000.0,62900.863523671804,62748.66920644,62808.86690196195,0.9700826187984024,0.8868855962523925,0.8204251826972351
62897.7,1714415400000.0,62933.89976814247,62827.36227493291,62799.52189294615,0.8516590840713987,0.9403106249324474,0.8728863725908733
62885.2,1714415460000.0,62922.013724479264,62831.37924305166,62792.91426284067,0.8494071192597871,0.9488263927404099,0.911122574351115
62777.4,1714415520000.0,62976.80175237636,62846.81443312963,62806.59923647561,0.8749188354455655,0.8897581824961568,0.8556675743479492
62802.6,1714415580000.0,63028.213825781226,62832.919216289,62871.56852102122,0.8991393157308107,0.9144129395675781,0.9119581879414307
62790.2,1714415640000.0,63025.591503079355,62828.799539925596,62873.55884543827,0.9010230524834038,0.9063626537544924,0.8922244061114762
62814.9,1714415700000.0,63036.8124858809,62843.26562628142,62878.50604600208,0.8972051640950582,0.9168899044877564,0.915340808017009
62795.4,1714415760000.0,63020.072912793454,62815.18496212567,62909.04923432755,0.8999492060635577,0.9649777221713329,0.9026320115568158
62814.2,1714415820000.0,63023.5213159579,62817.31096405891,62899.242292863615,0.8783909383516341,0.9824610803720579,0.9003786340811967
62780.4,1714415880000.0,63016.75396960259,62809.84370460087,62906.0425452288,0.899917337501769,0.9390203346685075,0.8902211310142771
62786.7,1714415940000.0,62918.91016766478,62803.310082914744,62954.82119678369,0.8506195209325644,0.8752733061342817,0.865373696732396
62809.0,1714415940000.0,62902.53387465022,62816.094715716805,62971.112846611744,0.8836214571651818,0.9346967075363035,0.8638910893465896
62800.0,1714416060000.0,62903.360981086,62809.53463700399,62964.7190743088,0.8695717281379284,0.8952833665150054,0.8586124333643206
62805.0,1714416120000.0,62988.562604681545,62828.985165899474,62851.19513605948,0.913705636727491,0.9065106012870267,0.8908601379597421
62810.0,1714416180000.0,62988.50093220157,62835.81090525533,62855.36759086272,0.9078273818608302,0.9162976871821369,0.8883143671040852
62782.2,1714416240000.0,62972.22600495255,62815.908177111414,62851.02175251449,0.8549173798595548,0.826536891040504,0.9059287600500063
62761.7,1714416300000.0,62980.722495085,62768.339957273514,62875.57042505637,0.8821832144783864,0.6868230670432278,0.833225443622718
62772.6,1714416360000.0,62963.62515242101,62789.14650533126,62865.46803176185,0.8121740177415799,0.7062442293620002,0.8804413891890011
62755.0,1714416420000.0,62976.12054041644,62759.5233077297,62870.01585235756,0.886065527665148,0.6794809644916164,0.8131881402344594
62726.1,1714416480000.0,63063.56013836467,62765.392049618495,62921.970710506306,0.7307288552134918,0.6948442498055394,0.873189975020745
62767.0,1714416540000.0,63034.97331636465,62799.01361264057,62938.627845618656,0.8329221815834507,0.7345692582250081,0.8564018383068941
62790.6,1714416600000.0,63038.63171097927,62817.889478424055,62946.925181677114,0.8777489444835053,0.7507303363884459,0.8801977682151702
62808.6,1714416660000.0,63073.845493954366,62827.54894089975,62940.20426795817,0.8635009185231011,0.7150482268668177,0.8692859878878882
62782.6,1714416720000.0,63028.5697630099,62776.495329870915,62949.37677099819,0.7962518551419934,0.6543022708769272,0.8696292571499211
62778.0,1714416780000.0,63019.493770692185,62774.08337060365,62946.67477493396,0.7885548757275319,0.6546614698250304,0.864475331155588
62774.4,1714416840000.0,63001.08762553357,62780.21207372442,62954.8065188474,0.8516927920959934,0.6715295040649961,0.8653625026604184
62769.2,1714416900000.0,62997.371712318454,62771.94414206529,62951.539532710136,0.8684912550265311,0.6678579656345487,0.8757698068836159
62820.0,1714416960000.0,63011.197603331784,62903.472844921926,62963.99224101917,0.8710519874086896,0.8948055804442069,0.871791659413007
62826.0,1714417020000.0,63017.260215358314,62895.85417580653,62951.269195386296,0.9231444714506891,0.9085271747008359,0.890054346513554
62842.4,1714417080000.0,63005.939409130566,62896.27972591621,62957.178552822246,0.8896913472318869,0.9362393916094337,0.9004484207868739
62847.0,1714417140000.0,63005.19156157755,62897.80455481207,62957.02318822157,0.8874266260633751,0.9440020740480644,0.9059673030808604
62750.2,1714417140000.0,63029.39276784359,62795.59734503227,62948.060755479884,0.8625038457771292,0.7153887693970595,0.8825456858757241
62759.5,1714417260000.0,63023.01519215811,62801.806574585884,62957.38902151862,0.8504319544833221,0.7184020122765254,0.8849129026522996
62700.0,1714417320000.0,62964.544977252604,62750.93006390669,62953.2969447987,0.7526424257178106,0.7153621922608701,0.8433930437162921
62590.1,1714417380000.0,63060.50992148925,62708.726640050554,62928.373398877964,0.7314689650936486,0.6343213734097035,0.8060794509053574
62611.5,1714417440000.0,63079.00933744884,62720.43892688537,62926.09021568286,0.7327365370924975,0.6515335932723445,0.8100495585092053
62674.0,1714417500000.0,63111.621679066135,62757.22647154039,62914.72936579887,0.7479548020734357,0.6889760901077049,0.8490090187283701
62546.4,1714417560000.0,63072.816308231544,62663.617212063495,63023.23106383012,0.6557051794836901,0.6442544318843617,0.6943317767468836
62669.0,1714417620000.0,63128.75797656002,62741.95720885868,63001.8117481374,0.772587033371024,0.7182324279554059,0.8379331405415552
62688.9,1714417680000.0,63133.84379817781,62754.41637149901,63002.17471269366,0.7748049846981515,0.7410506908906273,0.8360219025971964
62657.5,1714417740000.0,62982.45138009372,62729.16907934666,62990.391835179726,0.8083614055489711,0.7176158690813415,0.7949686446393434
62659.9,1714417740000.0,62984.87778717328,62730.97886066654,62988.9455044016,0.8083915420636624,0.722501179116876,0.8020813340224188
62650.0,1714417860000.0,62981.2035023661,62719.504310458804,63000.33494752619,0.7551232089569004,0.7066393928837493,0.7802809380432169
62677.8,1714417920000.0,62997.40791463214,62745.59284763444,62942.856714728005,0.6910929425284669,0.7184814493478708,0.8124902060222179
62646.4,1714417980000.0,62991.332276950925,62723.6820068299,62965.29924881602,0.6677183960386771,0.6976426477470927,0.8037999040883825
62608.5,1714418040000.0,63040.108246621756,62694.42898370065,62965.74798253917,0.766345980477497,0.6704079351470938,0.7798863587632396
62561.9,1714418100000.0,63030.47157180879,62677.185032012916,62930.34925765587,0.7273437968698444,0.6475746625326053,0.7471600991413578
62538.0,1714418160000.0,63012.13156076358,62657.5618079709,62988.27311220359,0.7102353576031782,0.6475540968087108,0.6861095442526588
62550.3,1714418220000.0,63022.0192614358,62668.99399029426,62980.28724952082,0.7147462559146649,0.6447802214860424,0.6877768206208092
62572.6,1714418280000.0,63031.15597529003,62697.19493411526,62945.27162734451,0.7157897730477127,0.6029998216746277,0.7659801060680728
62581.8,1714418340000.0,63035.98148318605,62705.2568168946,62950.167957997066,0.7158654999628328,0.612171894021438,0.7722372941431992
62590.6,1714418400000.0,63036.54599608813,62709.74652035344,62953.89421374254,0.7139588682115534,0.6144777718235712,0.7867854720678473
62610.1,1714418460000.0,63057.789940442744,62695.14906985335,63045.358564590686,0.7581205583284034,0.680307806461061,0.7252213988461307
62611.8,1714418520000.0,63058.48160199508,62697.31986270962,63045.58318907528,0.7472543753533158,0.6735630456643188,0.721281517740488
62645.3,1714418580000.0,63063.90642214267,62725.50375152263,62979.3128503991,0.7623447112502632,0.6804095988002087,0.8169605337580932
62626.7,1714418640000.0,63041.76962585125,62726.95055740479,62949.497438351835,0.7634033835478983,0.6455242007525666,0.8111536320523093
62600.0,1714418700000.0,63047.2754182232,62713.5115575542,62959.649580722005,0.7525024505260169,0.6241140138915743,0.8117330430763634
62601.6,1714418760000.0,63052.06277371006,62717.40222445161,62948.59310953159,0.7543972812001344,0.6233128183508496,0.8043139631342892
62612.9,1714418820000.0,63004.57092204166,62694.63289814955,63030.54966561366,0.7253047121730876,0.677800982962185,0.7194631009755252
62600.0,1714418880000.0,63004.061455646595,62685.5150575858,63035.6107152624,0.7096407636589908,0.6755793226865896,0.7161496975744437
62670.4,1714418940000.0,62955.49351674018,62736.792688729496,62976.94957147309,0.7990945811059947,0.7251936305809126,0.8151521149118901
62655.7,1714419000000.0,62947.733657242214,62719.09319173635,62930.180802672076,0.7940707954425459,0.7311037362552003,0.8189572415191375
62692.8,1714419060000.0,62986.9687879282,62736.820914289536,62922.467999672925,0.8575977503827821,0.7357062179588254,0.8541276343569124
62715.9,1714419120000.0,62983.53986844168,62745.81747966907,62933.142141039345,0.8943643050596266,0.7284796573111217,0.8633347384164785
62741.5,1714419180000.0,62946.28679443676,62823.92932073433,62946.306859388045,0.8955935041382587,0.9313533139261725,0.8807351325723377
62730.1,1714419240000.0,62945.49204754634,62814.047985543824,62940.415014378625,0.88633914390525,0.8944709029590937,0.8614308554366549
62740.0,1714419300000.0,62947.7447152919,62821.42177741754,62945.38733743265,0.8848000928779645,0.9220869422320968,0.8756550749980061
62716.7,1714419360000.0,62928.077233670716,62776.355157634905,62900.29103668297,0.8936479816821651,0.9174783779814575,0.8807866523308044
62786.1,1714419420000.0,62934.897335130045,62803.25939824709,62911.26766840427,0.9385211933100686,0.9325511159221078,0.9148451529089642
62748.3,1714419480000.0,62921.362650846335,62785.05417543738,62901.26051416793,0.8853181810067214,0.9104002418972329,0.8903074386352575
62715.1,1714419540000.0,62930.66321121761,62745.38876358268,62867.917477149,0.9061431229208086,0.8454994631637822,0.8708229328296145
62716.7,1714419600000.0,62935.66840339513,62751.59239757876,62864.85957634667,0.9091872005179534,0.8561390730336316,0.8701006102571655
62716.6,1714419600000.0,62935.66639752259,62751.531431005526,62864.80316371098,0.9048248756484794,0.8564263081052899,0.8698186686835974
62735.0,1714419720000.0,62873.621148213075,62764.254129633075,62899.17550341469,0.8975979496552711,0.8685241930361212,0.8675238486901667
62751.8,1714419780000.0,62861.09679224817,62762.69905755283,62891.29409726146,0.9266176653062247,0.9022061390623193,0.8769197346988163
62726.6,1714419840000.0,62866.33283211311,62761.02623327289,62899.94025573407,0.902934258620342,0.8463845124876734,0.877431311472649
62743.8,1714419900000.0,62872.86102804966,62814.25881523154,62808.59916943161,0.9192434649043967,0.9228496750315418,0.9131322803908302
62720.0,1714419960000.0,62841.40352567974,62798.97067918208,62800.51567079434,0.8471819396531204,0.8992261630618745,0.8984032907538934
62748.4,1714420020000.0,62873.67410161445,62814.255529402115,62808.16540525562,0.920391589604867,0.9265450940212704,0.9072862094080643
62714.9,1714420080000.0,62873.50125537624,62795.0729085499,62835.17383573046,0.9266741468525541,0.9347818076719923,0.8825071558750848
62732.7,1714420140000.0,62879.57601091393,62796.322454006404,62820.07289375615,0.9374965532336967,0.9422631919392416,0.9194504938467217
62758.2,1714420200000.0,62879.402977964804,62796.72163244587,62825.92730700026,0.9644165121168041,0.9535832000175157,0.9268318009295564
62813.5,1714420260000.0,62876.65035174664,62730.132014525865,62841.030278603204,0.9722484049742686,0.9421852723185311,0.9354642876781769
62831.9,1714420320000.0,62883.45436281258,62746.67515735793,62840.05582258565,0.9499229607378632,0.9095931714997115,0.9381901249849685
62811.6,1714420380000.0,62880.21436689602,62748.09670094793,62839.817526335566,0.97013159120615,0.9130651285192822,0.935105563225616
62828.0,1714420440000.0,62837.28949763293,62720.85321348586,62827.09898629077,0.9635440986657287,0.9604192214785412,0.9069177140269326
62916.0,1714420500000.0,62833.77198174199,62723.71354288506,62833.87098591918,0.9449179705269309,0.8562756031956811,0.8993463589552242
62901.6,1714420500000.0,62826.3329006008,62713.41588124527,62834.571528427805,0.948153925026415,0.8414807650978016,0.9037617184302471
62869.2,1714420620000.0,62792.00418022087,62725.35587752367,62792.911452938904,0.9587768029834666,0.9523365133898472,0.9049781152189176
62871.8,1714420680000.0,62793.443762781106,62726.74954018068,62789.402663312714,0.9571169628728836,0.9512412334337056,0.8942413070125256
62949.0,1714420740000.0,62815.41094821179,62733.85836113482,62810.45604271869,0.8771098579409115,0.9170882270963406,0.8856944168493719
62982.3,1714420800000.0,62862.78967110457,62746.560530588366,62790.8313428098,0.889856471877406,0.8944913906978988,0.87140365361975
62959.1,1714420860000.0,62863.93574574291,62744.08376149175,62774.74669645581,0.9112903149141226,0.9122038053689208,0.8788091966220744
62891.1,1714420920000.0,62845.65428524715,62735.27911290105,62768.675454888784,0.9653994955252065,0.930567455563135,0.9109411597534075
62882.4,1714420980000.0,62970.65653468088,62736.79924553594,62760.35400162478,0.8650471404603925,0.9237182738844271,0.9038606506870075
62882.7,1714421040000.0,62968.09244245089,62735.13410027179,62758.9058119797,0.8642173040755583,0.9262774119087553,0.9020091403078501
62928.9,1714421100000.0,62984.21337344235,62747.48241274371,62770.787149120675,0.8836664667882007,0.8957932434453205,0.8689453400703221
62951.0,1714421160000.0,63020.27723094999,62826.78166289511,62779.307423462895,0.9254163729382447,0.9215651084132209,0.8221113274343774
62953.3,1714421220000.0,63024.50305237138,62829.058114779735,62775.000320164334,0.9068866169445328,0.9250421950112575,0.831714457148031
63018.9,1714421280000.0,63000.00257352752,62817.49193342962,62823.26965069867,0.970159419782667,0.789734441304089,0.8347172478526168
62999.7,1714421340000.0,62958.1952290677,62852.813153162504,62878.674931320595,0.939461488878796,0.9152806538822531,0.8163507783257228
63005.7,1714421400000.0,62954.63675251685,62853.8230877267,62882.05598908797,0.9421656000072834,0.9070140541185021,0.8113435808446045
63040.0,1714421460000.0,62939.95191827264,62816.580265699195,62877.0136130768,0.8939684258161964,0.9411811849943372,0.8161653557593993
63074.2,1714421520000.0,62937.030154569016,62804.95716285825,62943.09357213986,0.8789678394087495,0.8879571484134555,0.8953130588360293
63097.0,1714421580000.0,62959.188512909306,62803.15915419306,62951.04368253583,0.874625599434293,0.871113815911043,0.887059229143363
63081.9,1714421640000.0,62944.90944921343,62808.343098025376,62947.21939464215,0.8746744604684682,0.8805291085830091,0.8998652093091432
63068.2,1714421700000.0,62998.093718562704,62790.21419168042,62863.822028909504,0.9084992222784438,0.865565029013362,0.840359041990611
63077.2,1714421760000.0,62996.26918964387,62790.416583481,62853.12903881507,0.9148141641110688,0.8590385249484191,0.8430180379742219
63061.6,1714421820000.0,62998.48558083354,62806.61447381046,62859.65432768072,0.9185935158508449,0.8682189311429356,0.8472273285068068
63055.8,1714421880000.0,62983.01725170188,62853.33561932938,62865.00455403949,0.9616935532991339,0.8148402420815246,0.8371675287017317
63042.5,1714421940000.0,62990.663681085454,62849.57064733214,62859.00735490037,0.9662923835583027,0.8236062229219507,0.8290861646106593
62990.4,1714422000000.0,62988.036843271955,62854.832317029,62828.55589946877,0.9665408726826469,0.9008341926934955,0.8297221129532594
63027.6,1714422060000.0,62961.5644096178,62886.82555988438,62905.49395172095,0.948082019444636,0.9298919283774474,0.8601992788428598
63049.8,1714422120000.0,62968.005539351456,62880.68061638012,62915.032373078066,0.9443995607808374,0.9080310624353224,0.8230434936423382
63041.6,1714422180000.0,62960.82922558374,62885.64939959558,62915.04493450658,0.9439837165523114,0.9161820340414073,0.8301426886979723
63034.0,1714422240000.0,63010.93312832588,62878.43391311165,62950.45996336838,0.9166684421418363,0.9363378597362114,0.8985056878863009
63022.6,1714422300000.0,63006.936297641565,62875.9914428194,62954.73580717447,0.898066978119312,0.9109084697025002,0.9165940357177137
63007.7,1714422360000.0,63003.160760862906,62885.79246244272,62951.96027675571,0.9065728136033675,0.9106350158476402,0.9256370669463898
63009.2,1714422420000.0,63177.59297675291,62919.514382311594,62910.39937207093,0.907767981315112,0.9556199201494936,0.9031005374112104
62999.9,1714422480000.0,63218.87032194651,62942.13424686422,62913.6922622634,0.883665129580558,0.9086302381545708,0.8975357703522489
62988.7,1714422540000.0,63212.416647949016,62939.73600054129,62912.16683224886,0.8864699368219313,0.9018918587647168,0.9069452291981752
62981.1,1714422600000.0,63194.665703060404,63019.05224458989,62956.79451413991,0.8575914689274032,0.9268579918395426,0.9103278427570998
63033.7,1714422660000.0,63223.52726971218,63019.28646227533,62966.66275854202,0.8632108522164422,0.9323760361068792,0.8839832712267625
63030.2,1714422720000.0,63217.69678709981,63027.91039495717,62969.014157377904,0.8595585009409432,0.9395228771725107,0.8964570406803161
63036.6,1714422780000.0,63159.701322704255,63034.11237008608,63063.53421345727,0.858018346970294,0.9247463185421421,0.8836521356683379
63021.2,1714422840000.0,63166.221053436224,63031.750922460786,63070.72761289231,0.8673769109588486,0.9666453832649178,0.8810535110422278
63029.1,1714422900000.0,63175.94744221351,63037.471301623846,63067.531582081945,0.8466253492564804,0.9612112919385567,0.8869455634954073
63050.0,1714422960000.0,63124.05685577646,62991.56544257179,63125.763796440806,0.9263249163050892,0.9301930048754533,0.836123141281641
63043.3,1714423020000.0,63122.73685380583,62994.89765187307,63131.82300615156,0.9164022840218454,0.9249903146052674,0.8775847972799968
63047.7,1714423080000.0,63123.6506355823,62990.998317150355,63127.254974678224,0.9239103889793516,0.9316625744347679,0.8494901297193268
62938.5,1714423140000.0,63038.24077034827,62950.76201908827,63058.35429012796,0.9164538434901373,0.9703848746000364,0.9047332049577411
62967.3,1714423200000.0,63051.316948820466,62957.73171880196,63050.17996069941,0.9344206619441305,0.968481112841878,0.916179403565873
62946.0,1714423260000.0,63050.01514328486,62955.627583020585,63060.521605227594,0.9292631917540727,0.9687295037904038,0.9088150263170204
62965.8,1714423320000.0,63046.81102669709,62936.94851223139,63011.62742360836,0.9528661652884428,0.9780493592786693,0.9175366633515141
62983.1,1714423380000.0,63041.651933090056,62938.44334613077,63012.68252543682,0.9369544673721532,0.9790140620829164,0.9139541009324933
63012.6,1714423440000.0,63032.66589595411,62938.70811804469,63013.17594209538,0.9368441801738073,0.9598694750166705,0.901699863014054
62981.7,1714423500000.0,63047.83108533663,62934.01716139908,62984.46434050159,0.95039563735112,0.9830112873925981,0.8981579415260912
62945.6,1714423560000.0,63046.232441634515,62933.74948831683,62984.07054166346,0.9634431769019692,0.9835111418983583,0.9287865720896952
62950.3,1714423620000.0,63047.37260484472,62933.43672807505,62985.36539559301,0.9652846889606125,0.9865969957137116,0.9217455683797178
62969.3,1714423680000.0,63010.284662888036,62933.171297272595,62968.5156447649,0.9583423820472435,0.9664716605397208,0.9180690614233701
62940.2,1714423740000.0,63015.17480648496,62936.68706474059,62968.75068824604,0.9356669555126491,0.9782275618919076,0.9252225677802742
62963.1,1714423800000.0,63017.30112666011,62933.838040230934,62962.40874197698,0.9488299987711484,0.9768914504091252,0.9344083429558404
62970.5,1714423860000.0,63021.57814938112,62932.50164307296,62979.222540540366,0.9468719580233003,0.9694847835715437,0.938496139207581
62968.4,1714423920000.0,63021.15626522518,62933.77597675672,62979.30401986289,0.9461291360605938,0.9676680305000881,0.9392438956468674
62933.0,1714423980000.0,63021.14779791585,62940.328727983135,62974.887262168544,0.9468566935151523,0.9748408257668826,0.9339941189701721
62931.1,1714424040000.0,63071.40589133739,62964.28700276058,62978.28083122403,0.8892628148264948,0.87485432807251,0.9175894127253983
62929.8,1714424100000.0,63074.11077404734,62962.93298710991,62976.91951678719,0.8877210964164963,0.8770581194934767,0.9184431076808767
62924.9,1714424160000.0,63075.28912482737,62959.42639173732,62977.17556493048,0.8934242613275296,0.8758910220275782,0.9173603546807747
62945.9,1714424220000.0,63094.299992865774,62986.79928297956,63013.71077704984,0.917649801223557,0.9645017625946478,0.9120771417796976
62954.6,1714424280000.0,63097.03512251779,62986.59975892854,63011.92301161792,0.9261221183046109,0.9716139616090832,0.9024419183986861
62938.0,1714424340000.0,63087.38403913099,62988.20459004797,63009.46291496658,0.8991665495506883,0.9648165147149024,0.9272088099304384
62961.8,1714424400000.0,63065.77233242896,62966.32225298584,63009.383297901535,0.9627424332655368,0.9353903201864456,0.9164146198606113
62966.0,1714424460000.0,63066.036596061866,62964.9621969822,63009.06762002542,0.9616710696107579,0.934951191137733,0.9203492156264227
62957.8,1714424520000.0,63063.140965250735,62966.002581629444,63010.71985569654,0.9386743478747988,0.9456582426603652,0.9159846713211989
62969.2,1714424580000.0,63031.580478673844,62941.93530428383,63039.752053325974,0.9373226843339093,0.9720887847672448,0.9059541397502998
62984.0,1714424640000.0,63026.972808760445,62944.14135764713,63022.49459456451,0.9447205322372546,0.9746156957105258,0.9011428706542317
62994.3,1714424700000.0,63025.21592576272,62942.660085230025,63023.500269093835,0.9264079537563409,0.9552629955844854,0.9190046855767675
63012.4,1714424760000.0,62966.80830867315,62854.84761125998,62987.165909577525,0.9726757011467284,0.8396995791162378,0.9314464527751936
62993.4,1714424820000.0,62963.976131916934,62833.65889245105,62975.640601201376,0.9805429327929972,0.8589138085121545,0.9035917168013197
62984.0,1714424880000.0,62964.23527837698,62844.92489135012,62979.42034612716,0.9755455865638348,0.8720314174981655,0.9205054860028963
62984.6,1714424940000.0,62946.690473403934,62815.955899885834,62940.09223202774,0.9773065812519378,0.8446807519422599,0.8941782121490784
62990.5,1714425000000.0,62948.07559350196,62798.646113616116,62945.27490400135,0.975542901089257,0.7971682631067594,0.9021239944815458
62948.8,1714425060000.0,62943.13004761124,62825.10292614192,62934.41951282483,0.9630245483788432,0.9292805062010057,0.8931146396197763
62906.7,1714425120000.0,62900.53234997556,62847.41059195284,62910.98063966318,0.9448591013974833,0.963931317667788,0.9279894484010689
62866.0,1714425180000.0,62929.19294648115,62845.77084158902,62910.69851352238,0.9424242327063672,0.9711737489306913,0.903012465342586
62847.5,1714425240000.0,62927.368200416895,62850.1946442565,62918.577552704235,0.9365674844366046,0.9877500872689176,0.921530625348242
62818.2,1714425300000.0,62900.06481537213,62832.836824071026,62878.90341276477,0.9156242016234584,0.8766584007917955,0.896682497409766
62838.4,1714425360000.0,62905.4830406364,62841.20764101422,62882.69752732776,0.9003888341540852,0.9155232193785651,0.9101119756516234
62861.9,1714425420000.0,62911.86206324792,62847.145695074614,62880.31897581551,0.9236180204754226,0.966047229018326,0.9222716305092107
62879.2,1714425480000.0,62960.347812217355,62867.598832008436,62873.25859293474,0.9260639787857912,0.9413959007562791,0.8911221089368366
62878.5,1714425540000.0,62960.98430083419,62867.86665730635,62873.237761989,0.9287924206160886,0.9403712821917574,0.8918234652658332
62880.0,1714425600000.0,62961.34085903953,62867.293490696655,62874.39841084464,0.926779629772876,0.9431131488349132,0.8915069938882779
62893.2,1714425660000.0,62956.73503834396,62909.31117739587,62896.064129296494,0.9693714494122847,0.9631548069889,0.8923184254849896
62936.9,1714425720000.0,62956.60662620888,62904.96842001019,62881.519686933294,0.9842678612813297,0.9707693951194879,0.9111053291602353
62967.0,1714425780000.0,62958.62420817775,62899.86519185375,62895.60179910886,0.985546349810151,0.965362521920529,0.9255260779024124
62920.0,1714425840000.0,62957.08627778533,62903.15638086213,62932.706916988485,0.9760345649400571,0.9860777712027284,0.9404223462653586
62936.2,1714425900000.0,62958.06521499899,62904.126129272685,62935.27876180619,0.9829652207075773,0.976008961780748,0.9444831788792747
62960.4,1714425960000.0,62953.94061613007,62904.95405044571,62941.807439538876,0.9820268847842525,0.9840477541572842,0.9062087282113529
62955.0,1714426020000.0,62945.061467087384,62904.31009795767,62938.538550145175,0.9800129254858722,0.9769306319977852,0.8905957601474891
62960.5,1714426080000.0,62944.72097932527,62903.80029732998,62941.52582930395,0.9823046190913168,0.9719151697176263,0.8823055102882379
62935.1,1714426140000.0,62944.7214276062,62900.51020367499,62935.688765811305,0.9850148064892821,0.9795683893669859,0.9373643709812609
62860.0,1714426200000.0,62940.31768406388,62803.2385002491,62920.61337142611,0.9423348415091011,0.854510790809837,0.9238175420695127
62864.1,1714426260000.0,62946.10738042044,62803.93179807388,62922.505624891055,0.9285248404443558,0.8558921627350017,0.9271942539621659
62914.4,1714426320000.0,62942.6119978964,62821.48278035689,62918.25633967891,0.9829790681482309,0.8094087789960951,0.9181983081617152
62913.6,1714426380000.0,62911.59625865098,62768.36623480829,62909.20869119255,0.946620206598563,0.8935471445105581,0.9176824450590518
62909.8,1714426440000.0,62915.40765299014,62772.162814400355,62906.65640635301,0.9535407725307613,0.8780592218364869,0.9129891780994127
62913.3,1714426500000.0,62912.15778730825,62759.958529230345,62909.01075069765,0.9473169258825374,0.8965079393383665,0.9174303618060394
62916.6,1714426560000.0,62823.49300627069,62763.24788852438,62881.04139573303,0.932014282279598,0.915007526922468,0.8796551746075387
62919.9,1714426620000.0,62826.603748275294,62762.60311756186,62886.206029810055,0.9308925869388965,0.9224478522797962,0.8833257018516302
62972.0,1714426680000.0,62847.689465594485,62775.56260605812,62878.3635610494,0.8861421956120158,0.8580922865184077,0.8845021010606073
62943.1,1714426740000.0,62843.98960993906,62746.768788614114,62806.51478196471,0.9091116842598521,0.7951077725322719,0.8180688316702212
62941.0,1714426800000.0,62843.09575895688,62745.27290690512,62805.81571716889,0.9215582796434061,0.7931321620180096,0.8182124381963191
62940.1,1714426860000.0,62842.27741042269,62742.62255683483,62804.3008579105,0.9207117519531997,0.7980679729891966,0.8163025901408262
62944.5,1714426920000.0,62837.062232797325,62748.56124404024,62803.88557829845,0.8971637599264314,0.7957636454061392,0.8679072074233027
62948.6,1714426980000.0,62827.89292207883,62757.84261196498,62803.086624383504,0.8779430937605454,0.800419043730214,0.8230480612949043
62963.1,1714427040000.0,62834.94766731786,62765.004323855224,62805.980696679646,0.864587154575345,0.8290816589310263,0.8084541888746044
62973.2,1714427100000.0,62837.903799472144,62740.938150439026,62792.912091718565,0.8702597210943356,0.8649211739095702,0.8345896786455009
62975.1,1714427160000.0,62839.81705725294,62735.81086014474,62798.98752360268,0.8698798462928055,0.8570799410115226,0.8409033007437203
62975.1,1714427220000.0,62840.03328024359,62737.526308733024,62798.85957022773,0.8682801337856056,0.8563022261918396,0.8414348425620708
62977.9,1714427280000.0,62843.10382075116,62717.869844723034,62782.12710706836,0.8657473358803632,0.8363622353666089,0.8278559721466205
63011.4,1714427340000.0,62874.284323619766,62709.427382867885,62788.30697914229,0.8640873316513846,0.8197754894988113,0.8321559724651598
63010.3,1714427400000.0,62871.79792173993,62712.45346008363,62787.65248688197,0.8701919076391544,0.8323119832247519,0.8417714749345075
63003.9,1714427460000.0,62869.79372380479,62718.30548170373,62754.674590022354,0.8650881333476763,0.8030805652779689,0.8103385433821952
63035.0,1714427520000.0,62896.37520375899,62727.13740725981,62768.10026782474,0.8705271939953463,0.7709517520102411,0.8117626930074803
63046.1,1714427580000.0,62907.113488877236,62725.7075189178,62763.5651129539,0.8730743733255589,0.7554994979919228,0.8065451545355429
63055.5,1714427640000.0,62917.17126662925,62793.29621453314,62810.2827363087,0.8685066812884934,0.7734503304284113,0.7859876603005339
63148.8,1714427700000.0,63006.26525943236,62769.45715100587,62750.48453791878,0.8479132973908818,0.6915793783853981,0.6022252591226266
63020.7,1714427760000.0,62883.21683156263,62798.472005159936,62807.69352566188,0.8691691830205048,0.8044787928957386,0.8077058617176981
63005.5,1714427820000.0,62879.53763930092,62780.91495373552,62817.45303802182,0.875573001807241,0.8389090947715135,0.8426128497048704
63089.5,1714427880000.0,62951.17481495507,62789.08621259805,62811.77227430339,0.8693490243022917,0.7934909556136535,0.8117583825563915
63070.4,1714427940000.0,62932.38096103232,62790.0679866171,62802.09333994174,0.8683929073918109,0.8039675861963964,0.8153776153416927
63034.6,1714428000000.0,62898.11256170808,62665.720743394275,62841.513937078416,0.854328452364016,0.8433586547305622,0.8122814660313967
63103.4,1714428060000.0,62963.00934813208,62659.15478192654,62854.66462221916,0.8611513980480596,0.7601503532609427,0.7713169106577721
63138.9,1714428120000.0,62998.73425879171,62686.944058683424,62848.68547737038,0.8507071429924629,0.7444455335991478,0.7799615153719446
63141.1,1714428180000.0,62999.751466612695,62590.63270403695,62828.07545228995,0.851185171992367,0.4904045261020529,0.7891186743161156
63165.1,1714428240000.0,63023.32893181312,62539.183394397885,62823.82796117886,0.8519676593100769,0.5614444450038032,0.7340753589196372
63152.1,1714428300000.0,63011.13226059793,62560.14438282724,62832.014254730304,0.8504826678695243,0.48057374018582943,0.7759840648201732
63110.3,1714428360000.0,62963.98834902555,62468.186518499104,62800.36485239753,0.84935346187555,0.4757746340424398,0.7922302508113744
63094.1,1714428420000.0,62948.56907469812,62463.3554236688,62805.285946680095,0.8484656439474448,0.4772640612241814,0.8123918001919521
63102.0,1714428480000.0,62955.59837727677,62462.68944715418,62806.48792571688,0.847327159090051,0.47655009184723063,0.7921817991959578
63098.1,1714428540000.0,62944.044088966206,62448.324886714865,62741.23534622666,0.8430091840527774,0.5428038288631347,0.7054611422444578
63140.2,1714428600000.0,62985.46734154519,62482.79995862584,62693.19056605071,0.8301495272584974,0.5603674337393225,0.6092345319059402
63120.2,1714428660000.0,62966.04618491081,62461.67382049904,62700.22522806319,0.8383547943829875,0.5777471392099693,0.6275061554483263
63165.3,1714428720000.0,63010.03359986466,62523.66823926432,62624.68607459587,0.8395263311886151,0.4543226392272379,0.4855746873057698
63173.1,1714428780000.0,63017.935151138125,62531.2978295493,62626.570334821066,0.83554123002077,0.456541630878737,0.5032611618986088
63150.6,1714428840000.0,62995.11832957575,62515.196244558545,62630.09568645583,0.8423128205373601,0.461385272915557,0.48367643998475085
63157.4,1714428900000.0,62998.37010580709,62519.7923034538,62639.3890947102,0.8268053243795342,0.5320006432359,0.5296687957273174
63285.1,1714428960000.0,63121.49482529047,62599.15707607179,62663.202633438734,0.838242161117776,0.6307303314012125,0.5031913497494872
63318.3,1714429020000.0,63155.00483781433,62577.61572099399,62662.55957588475,0.8373483460580591,0.019425593313492473,0.45185302299098173
63334.1,1714429080000.0,63169.192428827955,62452.60714190282,62539.80963590918,0.8412841649552634,-0.14719371461646147,0.30482190815690113
63334.9,1714429140000.0,63170.3424734138,62449.47577626924,62542.86759304072,0.8385813848077661,-0.16520113122240643,0.3085046144859034
63262.8,1714429200000.0,63097.28173110259,62493.575438229316,62652.10445063305,0.8424764970781313,-0.07444382441793418,0.4813560354369596
63296.7,1714429260000.0,63132.93690316493,62494.222882010195,62503.75134923436,0.8372682202737955,-0.14472263520847983,0.3087855581998339
63344.4,1714429320000.0,63180.44948596327,62470.879322061744,62541.84427084307,0.8351111635024709,-0.1704076301256625,0.301820812431876
63293.9,1714429380000.0,63129.56323846212,62495.98756670437,62498.209147149784,0.8335099321607045,-0.17355866479290127,0.3219880532250552
63291.7,1714429440000.0,63128.02449643016,62538.32079138517,62490.946178865015,0.8373981604459823,-0.024689395931557057,0.3005785355374859
63376.9,1714429500000.0,63212.57839286804,62503.51408497721,62564.09728977672,0.8431252515017459,-0.1258681285776222,0.2996057838791426
63387.6,1714429560000.0,63224.223766035015,62504.45619594703,62568.74876797132,0.8402920170285441,-0.14563200665489906,0.32352872888856665
63431.1,1714429620000.0,63267.61950969557,62537.75578774821,62615.34211785405,0.8295747895170251,-0.10766993361254795,0.3292357065360423
63420.3,1714429680000.0,63255.82628193579,62536.27980094425,62608.40346354041,0.8386225351857226,-0.12028433357569801,0.3356541320870904
63460.4,1714429680000.0,63295.05766967902,62565.97816196394,62632.6546024037,0.8286049461551852,-0.11951717204134349,0.3358778691250268
63618.8,1714429800000.0,63446.01757409688,62550.58321386429,62738.82295493426,0.7935459528797961,-0.6184670190486883,0.2121949593731185
63711.5,1714429860000.0,63536.930263123344,62168.77602044869,62701.48539554192,0.7909851972750436,-1.3831301579053599,0.056186356523406755
63784.3,1714429920000.0,63608.629427684915,62236.48904745928,62770.529365442686,0.776314507501572,-1.413266490413715,0.06273082630429605
63846.3,1714429980000.0,63671.561976879755,62214.19880349406,62793.290031478464,0.7748400068120636,-1.3882984432983534,0.029857759328407507
63822.2,1714429980000.0,63650.058376993016,62239.7511337196,62796.607282514335,0.7835034701492392,-1.3340644575089171,0.06036020682615906
63742.0,1714430100000.0,63568.79532162574,62258.31156618523,62726.42357618465,0.7894545396345934,-1.313829487726475,0.042912211014927815
63731.8,1714430160000.0,63557.782736491194,62334.51694665422,62741.557815947686,0.7864043335607704,-1.3855946738741824,0.03762459894047121
63724.4,1714430220000.0,63552.13486168783,62320.07993834634,62744.02539286151,0.7909702714941294,-1.3831046545377643,0.05169289582669123
63778.6,1714430280000.0,63605.1690184948,62300.47127106314,62771.63443519933,0.790198940417073,-1.3524277144397305,0.06272054796489879
63747.3,1714430340000.0,63574.822254939194,62535.4417859248,62821.468148507745,0.7915719455719559,-0.9860162732220992,0.11351347213538665
63735.2,1714430400000.0,63564.39155916617,62519.073531171256,62812.7419546999,0.7905312700775708,-1.0145882579330445,0.1117165585224481
63815.0,1714430460000.0,63642.55024469187,62282.01877122125,62804.830703185806,0.78525496328603,-1.3196721822325834,0.06999500017022275
63784.2,1714430520000.0,63613.197730129876,62505.717728847245,62866.094467614705,0.7920275630939682,-0.9846238971887906,0.11697959926767731
63760.8,1714430580000.0,63589.41133054989,62511.119877706595,62847.84137605371,0.7896745718718016,-0.9775435775723744,0.11857708123135602
63720.5,1714430640000.0,63549.6561025126,62739.76623726215,62871.884231606484,0.7925619754941626,-0.3168628721913742,0.2647487099767579
63825.4,1714430700000.0,63654.07943298774,62310.428458967515,62806.51074878752,0.7884251877018394,-1.2472010994111682,0.04155969999065556
63767.1,1714430760000.0,63592.68548550345,62645.47647380418,62855.288406172614,0.7862640516310726,-0.7426802895877458,0.14134452803089814
63822.9,1714430820000.0,63651.17748228468,62312.510182711594,62807.368045233074,0.7784617944920011,-1.2522133972467788,0.030579356986200845
63796.0,1714430880000.0,63624.08688810952,62334.55497431416,62810.58858012992,0.7870119850278993,-1.3207763145764662,0.013142769492503148
63777.2,1714430940000.0,63604.59940655145,62581.84789951695,62848.7689008776,0.7907646638261363,-0.9552374337052065,0.10087019566123756
63819.0,1714431000000.0,63647.01533119425,62330.544252561565,62804.018876995055,0.7929101245214898,-1.261361945339234,0.024643380380416358
63824.0,1714431060000.0,63652.27355070206,62324.68846954319,62822.996762473325,0.7886630659045908,-1.2817501762144348,0.06625120936449558
63753.6,1714431120000.0,63579.82636250709,62554.55787947958,62845.3909260604,0.7874634563550139,-0.9620702363428835,0.1698821539950276
63772.0,1714431180000.0,63600.01837072664,62506.37474114447,62854.33995351866,0.7868799393424007,-0.8953408523391821,0.13514666152837884
63789.3,1714431240000.0,63619.69313466171,62619.17868216088,62865.591196478104,0.7878131151301258,-0.9554282926791189,0.11794136190305948
63834.1,1714431300000.0,63662.270693616876,62435.11051947935,62822.376696315325,0.7905270844242072,-1.343517483334916,0.028726814434817505
63825.8,1714431360000.0,63652.77205887734,62420.96920545142,62830.646523995376,0.7881408031623245,-1.3559214407904392,0.043092162157926106
63889.1,1714431420000.0,63712.379768654035,62429.16206166486,62908.9103229814,0.7954869971131692,-1.2746524036305926,0.04192094064947982
63863.5,1714431480000.0,63688.878914096524,62474.83391831895,62883.99586604782,0.7980761636115221,-1.3716073511886382,0.02723475580966961
63862.7,1714431540000.0,63687.935584232706,62475.380191542885,62879.06344774698,0.7925238254531775,-1.3545818038636104,0.02025175728431816
63943.9,1714431600000.0,63769.74779907392,62473.205993495605,62931.113999657246,0.797247404107475,-1.2759005663122882,0.044219868728385126
63942.0,1714431660000.0,63770.05172914779,62484.71686001395,62934.05114020646,0.7952274608877954,-1.2708499440084635,0.05061872635072506
63960.2,1714431720000.0,63785.128225946864,62479.32407600055,62946.119674756075,0.786908767947606,-1.2774938230270836,0.06210224707348355
63903.2,1714431780000.0,63731.22393623052,62837.60142243246,63029.806206667774,0.7848234772982707,-0.5799534336206957,0.20631107960052308
63959.1,1714431840000.0,63784.6444893801,62488.591872852856,62956.96847804885,0.7826218864771817,-1.3028387091675588,0.04601182100957635
64053.4,1714431900000.0,63868.23346362529,62500.8397895132,63041.56806468854,0.7495721002540514,-1.3453595456466223,0.06028480228528621
64004.8,1714431960000.0,63829.97200043537,62686.3424549399,63053.13919956066,0.7827507149750461,-0.9131744900459504,0.1406472659640463
64125.3,1714432020000.0,63940.611078463684,62551.927092800266,63111.671094913276,0.7401948721265779,-1.3757950018430263,0.06428427889669042
64171.2,1714432080000.0,63985.68098398707,62546.07799118213,63148.1899361541,0.738667979356024,-1.3612785332190467,0.05534066270962856
64047.3,1714432140000.0,63871.334183971994,62550.6676283027,63036.40123022661,0.7767795545798049,-1.3378184451631614,0.07548219005691537
64043.3,1714432200000.0,63865.35981521044,62546.15564869359,63035.77900540074,0.7764367795232225,-1.3818809618925592,0.059806618309965254
64012.5,1714432260000.0,63837.156110106036,62551.10618981832,63004.035526440864,0.7839697920441289,-1.3583872463106208,0.052162520466614626
64021.3,1714432320000.0,63845.45175558536,62638.67052606706,63040.91639167559,0.7835518797409878,-1.4000644166591965,0.07325472188954774
63950.0,1714432380000.0,63775.97238249725,62890.5513804797,63064.12612940666,0.7863470965358311,-0.7520571484076146,0.19534386125950265
63957.1,1714432440000.0,63782.63925941625,62886.68375268758,63068.510146718,0.7817873945914535,-0.778860192883315,0.1968187986121006
63979.1,1714432500000.0,63807.273160420424,63057.21154959821,63134.188959674946,0.7781130555563787,-0.22368806379322081,0.2940433975943204
63999.9,1714432560000.0,63828.497991080054,63085.690832614055,63146.03663867559,0.7765339069282322,-0.34286883768649834,0.2655405041963732
64011.7,1714432620000.0,63839.708026696375,63018.10907287078,63135.97646187638,0.7736779453505847,-0.5450473917395677,0.21542405414611554
64106.5,1714432680000.0,63933.76531076688,62622.62276771124,63142.176413333684,0.768872288463748,-1.2533593780190535,0.05218131071107546
64022.3,1714432740000.0,63851.89584433135,63086.064751694175,63186.39344025906,0.7793470028322778,-0.27401976953911755,0.28482669677697436
64059.9,1714432800000.0,63888.66481069518,62970.4931113654,63175.789101386246,0.7794845750157208,-0.6952316472826836,0.1919698359318076
64049.9,1714432860000.0,63879.73403810002,62931.30537451093,63179.14410366716,0.7852802193308219,-0.5502675603001483,0.20312331155652252
64063.7,1714432920000.0,63893.092897013164,62890.32995844219,63186.686188562,0.7873414371067053,-0.5827635044853621,0.2196827600168667
64027.4,1714432980000.0,63857.159547124305,63001.376903922326,63163.01424150149,0.7887919222796365,-0.5750834139508889,0.2305030258583578
63981.9,1714433040000.0,63813.129085786786,63023.81474067552,63146.23425580017,0.7862543952152972,-0.19205014440846702,0.3444479981879195
64000.0,1714433100000.0,63831.931274432005,62967.530726143996,63133.577664063996,0.7831391740452294,-0.5219071450635118,0.25961473645280675
63950.0,1714433160000.0,63781.77102419045,63003.63641722315,63108.66450454775,0.7929925328665092,-0.12963281577956787,0.3005462916373184
63936.0,1714433220000.0,63771.83748415469,63003.620999800514,63106.41018906317,0.8037289270761963,-0.13142374560316528,0.3208737658854154
63943.9,1714433280000.0,63775.918650407446,63004.88832465139,63119.4979798106,0.7934293951923638,-0.1417657852954024,0.34386982819382894
63941.6,1714433340000.0,63772.497687432915,62998.02832335137,63111.28578514283,0.7894263516199717,-0.1286490030126115,0.33922690108875597
64054.0,1714433400000.0,63881.82131172886,62868.346752636164,63170.256129728754,0.7880587289979278,-0.6403663129943431,0.18986488371599053
64038.5,1714433460000.0,63866.645815199714,62958.76970716084,63167.411244516385,0.7838663104145885,-0.5935582570318914,0.21947054571749158
63991.1,1714433520000.0,63819.9675860512,62944.758149358975,63125.779249411105,0.7837090627182051,-0.4947305571775489,0.23312962110177504
64022.6,1714433580000.0,63851.52585511954,62950.15431673393,63162.80465354457,0.7833787751767977,-0.533894835683635,0.2743363886016781
63982.8,1714433640000.0,63812.49599264176,62934.183746416464,63113.536909576316,0.7896690170088368,-0.48958620647597817,0.21490979229562257
63960.6,1714433700000.0,63791.76225462093,62951.50034271096,63095.245724548055,0.7878671328510555,-0.4895985973414889,0.21818341048342582
63956.3,1714433760000.0,63787.07995206585,62989.44496842889,63111.42164915019,0.7886706241349325,-0.2682276052531607,0.2696656777657793
63953.0,1714433820000.0,63782.72529105115,62995.94541025756,63115.3614967878,0.7942101438249926,-0.10816646269894914,0.32146754710424397
63950.0,1714433880000.0,63780.49052827205,62990.86756177905,63119.44113625755,0.7940709573535566,-0.1346962229919324,0.3483255409497954
63896.2,1714433940000.0,63730.68912286592,62967.82046752383,63074.542720567035,0.8131211616624101,-0.07904475507999442,0.33371099759767275
63922.2,1714434000000.0,63752.774017516924,62985.586226063024,63111.34637567763,0.8132506068158338,-0.11246724899049121,0.3823344030843605
63908.1,1714434060000.0,63738.73316067031,62970.70370897894,63094.959081361536,0.8109021125230615,-0.10975135746201814,0.3874903298930792
63867.7,1714434120000.0,63698.43965197215,62937.2184691475,63072.091305668604,0.8160587735850052,-0.10050574291042058,0.40844405954901797
63877.5,1714434180000.0,63707.731942250044,62959.39296762944,63092.549831975055,0.8276174425620355,-0.15263502065395396,0.4081350984626778
63877.7,1714434240000.0,63708.533273998306,62959.62146402007,63091.62719119194,0.8205660359565655,-0.14676283225202136,0.38722149977664166
63905.4,1714434300000.0,63735.7339558577,62994.49368925354,63106.19506060361,0.815052318381225,-0.18835266469320078,0.396726215586955
63873.3,1714434360000.0,63702.29590513532,62922.77026159961,63088.42177360493,0.7997904755370024,-0.10832851880878791,0.3881424356644564
63870.3,1714434420000.0,63701.55651414586,62931.12547943698,63070.98883508227,0.7997354767268151,-0.09209508102995723,0.35046604331945963
63858.7,1714434480000.0,63689.47735536025,62920.00105650163,63068.65417451807,0.8002385748523111,-0.08706150067508833,0.40385667984311147
63844.4,1714434540000.0,63678.539849795045,62898.55783993239,63047.70824897915,0.8215274773440969,-0.13015780380786923,0.38217863845126454
63846.3,1714434600000.0,63681.29979335878,62909.31730260861,63048.20722577713,0.8187094479979016,-0.1346076757456347,0.3779387717851348
63826.3,1714434660000.0,63666.11128290897,62899.25981076498,63031.3477785392,0.8209043137731984,-0.09510907985644756,0.37741702038675096
63796.6,1714434720000.0,63628.3387734919,62878.5439441042,63017.35282625942,0.8038673706853814,-0.0922402818827266,0.42383835824659566
63796.8,1714434780000.0,63631.639237152725,62879.157584430104,63020.64251491251,0.8152720965089619,-0.08865273209627289,0.41071458852579945
63798.6,1714434840000.0,63629.716163086436,62878.5095600346,63017.01935279067,0.798806083034485,-0.08703313576973781,0.4255282678880513
63823.1,1714434900000.0,63653.232715612976,62903.133763533,63032.66934007921,0.8131689652351326,-0.15605614372497567,0.4188913661420208
63811.5,1714434960000.0,63643.54186934795,62903.67994340901,63027.653974095774,0.8090872382289757,-0.1380084103769701,0.43304546674617683
63819.0,1714435020000.0,63652.957241054515,62901.499020534284,63029.89716500559,0.8105585203000794,-0.1477452566876969,0.4280359161121703
63833.6,1714435080000.0,63665.98910557675,62960.437587724526,63037.08117254277,0.7840683164210184,-0.26058335253954645,0.3951547659421526
63829.3,1714435140000.0,63662.311316349595,62956.92972263331,63040.00962821782,0.780085133558635,-0.24015997783452803,0.3834965021465242
63806.6,1714435200000.0,63645.01581005537,62938.26189706699,63022.09374768336,0.8040580269424498,-0.22028553446425914,0.3801173867730757
63780.0,1714435260000.0,63616.58294758866,62873.3644534986,62992.89273415128,0.8042089517449005,-0.13914336820694317,0.39045798092116935
63790.0,1714435320000.0,63626.2595521563,62885.60611774626,63006.1195155126,0.7977582703819748,-0.15472880147466972,0.39454209340665825
63781.6,1714435380000.0,63619.45182382174,62883.07059347212,62994.233941089165,0.8019837200451719,-0.12898827046337424,0.36984922878617843
63747.8,1714435440000.0,63587.35867049991,62865.067394817925,62954.2976572628,0.7931378996969854,-0.11583259146798097,0.35208011701529107
63764.9,1714435500000.0,63605.299423683624,62857.510025187796,62968.267029310155,0.7883440906453096,-0.16993023491515857,0.34016976920725805
63707.7,1714435560000.0,63548.00425791044,62850.01759945736,62915.49982074101,0.7946056061072124,-0.2900988262963309,0.34124508786716756
63692.6,1714435560000.0,63532.32760686913,62883.76869639485,62894.13497404318,0.7973887965646225,-0.23925999123020403,0.27977566131000764
63680.0,1714435680000.0,63521.10697033152,62884.47420579232,62886.0932345136,0.7941309219143382,-0.17734990239187387,0.2910859988449823
63693.0,1714435740000.0,63532.82001949218,62893.39846754639,62901.246049465575,0.8024481285164636,-0.183310462176415,0.3145433721082138
63726.9,1714435800000.0,63564.166478663436,62911.188691389514,62941.033287790975,0.8046857395689229,-0.07516246701323914,0.32978021710957717
63753.1,1714435860000.0,63590.76455979143,62906.537051443425,62965.797831010204,0.8048460010152769,-0.10445406315484762,0.3303044273017103
63715.0,1714435920000.0,63552.72252975653,62922.1416000957,62931.330853663945,0.803570140374608,-0.07659978034918669,0.31864935644796344
63678.7,1714435980000.0,63515.9910569689,62894.20697347716,62892.27910299973,0.7947418688569146,0.01666195329319531,0.30962026517516816
63708.0,1714436040000.0,63545.6781757991,62896.90051330759,62921.70430488419,0.7987777853748266,-0.05041734717131008,0.31573791339857693
63731.6,1714436100000.0,63568.43331636938,62894.79566298605,62948.059281468915,0.7990175071899799,-0.13077179512890935,0.33760052845816435
63693.1,1714436160000.0,63528.21876513099,62815.85435383801,62899.907769607475,0.7974255760892134,-0.18355264252827808,0.31083499270481063
63761.0,1714436220000.0,63595.657324711654,62870.7041536569,62958.53359479011,0.8028506183061421,-0.14904103963635107,0.30529646836070035
63701.8,1714436280000.0,63536.48124388129,62813.92374681984,62899.95429028953,0.8024130500153819,-0.23284791045504538,0.29567055918451723
63754.9,1714436340000.0,63585.69990710718,62855.03435459717,62945.955468936496,0.7812168103675147,-0.15739284281398835,0.30626726160697804
63809.8,1714436400000.0,63642.50024817655,62841.858959245445,62993.66807403159,0.7793829394804679,-0.21404604762406132,0.32246183852898913
63789.7,1714436460000.0,63621.66728931256,62840.956743578536,62983.078355611164,0.7805718562562844,-0.18722950927772075,0.3409799721391056
63886.8,1714436460000.0,63719.31683172546,62694.60536144462,62985.69789469266,0.7866058415749678,-0.9142328632905359,0.23527723104739984
63870.1,1714436580000.0,63702.99153945889,62681.39730354873,62977.97081855008,0.7833690874054005,-0.9361069320183801,0.22171953712137493
63847.2,1714436640000.0,63681.39816218997,62800.54381793661,63004.29508967773,0.785280324245287,-0.5638805865435677,0.2847894810233804
63906.3,1714436700000.0,63733.21457546031,62692.192442903055,63020.86249945208,0.786837168185446,-0.870825742627362,0.1985531928991201
63935.0,1714436760000.0,63763.67275380913,62544.46457007738,62997.607396125306,0.7895892440193198,-1.3340742862571502,0.11094271932163668
63958.8,1714436820000.0,63788.75006074088,62484.99854914547,63009.190710972754,0.7944859723079041,-1.311149063522711,0.11125413492039982
63952.2,1714436880000.0,63781.50336852818,62556.50747588023,63019.60893576798,0.7932528929644562,-1.3535750751159181,0.10473580068824273
63970.0,1714436940000.0,63795.23058526265,62587.66012523153,63017.07301950767,0.7833830830414924,-1.3214799342254384,0.08509094921485139
63898.6,1714437000000.0,63725.38128531236,62903.22576465153,63075.20195297886,0.7823721465492438,-0.3358824658341859,0.3565483479259822
63923.8,1714437060000.0,63755.11226635162,62869.727839822845,63076.134981019306,0.7844382212647547,-0.5213507242013107,0.31324773833345765
63921.1,1714437120000.0,63751.413993753216,62867.31119943089,63079.22558625521,0.7832980530709884,-0.521977648616186,0.3043748976638695
63963.6,1714437180000.0,63792.98630264131,62890.48826784569,63106.22258226566,0.7812163932345231,-0.5709906362798325,0.25704160665954934
63956.5,1714437240000.0,63785.81788895387,62784.90569884909,63106.0465016877,0.7938701440142611,-0.49802330165244313,0.29117853583918185
63944.3,1714437300000.0,63770.10622084036,62792.078641450316,63091.325171538716,0.7832377221089378,-0.5351666501995693,0.2976298251304835
63977.5,1714437360000.0,63806.26135256288,62762.78911333453,63111.27921710723,0.7947665282711648,-0.6157454327445149,0.24644053130803212
64022.0,1714437420000.0,63849.839007547096,62543.274592477326,63041.41514416988,0.7945007517555296,-1.1806290082839577,0.11915900898750065
64025.8,1714437480000.0,63855.652429027956,62537.28347317613,63041.25382546129,0.7921185341349544,-1.208906065722017,0.10530475233574921
63985.3,1714437540000.0,63814.82338710281,62522.108788053854,63013.790659968596,0.7908936191879797,-1.2878894243110528,0.13128303725770585
64011.8,1714437600000.0,63840.79693721833,62529.386225768474,63044.94105579565,0.7936674884198777,-1.2601755582703449,0.07485879117327876
64052.7,1714437660000.0,63882.59878390599,62550.9363010462,63070.66126983797,0.7871941484613243,-1.2608192646869538,0.12145994995544407
64140.6,1714437720000.0,63962.52014001527,62577.8803188148,63139.25518399587,0.7468276372431165,-1.2655636189940433,0.10674091795383733
64090.0,1714437720000.0,63920.67692626434,62580.83255320456,63104.47020613021,0.7855566223933117,-1.2239950928930128,0.10671858676364787
64135.7,1714437840000.0,63955.0817345821,62586.51929214288,63128.96550715994,0.7505061540351246,-1.2775472409735444,0.08570012622532641
64141.1,1714437900000.0,63961.34047902456,62607.033754162876,63133.364384332555,0.7533432251296903,-1.2327777932611994,0.08989653503083062
64250.0,1714437960000.0,64069.455990831746,62614.57142886375,63199.25162887325,0.7524519315072378,-1.3605784356332125,0.034482744810449995
64456.7,1714438020000.0,64267.72250453782,62728.068464935655,63385.86358668119,0.7289957847640913,-1.4189530024822847,-0.0076600671868249925
64513.7,1714438020000.0,64324.815840466035,62773.52727190552,63439.57278673482,0.7287809371640466,-1.4305168899663032,-0.017545288155004002
64385.4,1714438140000.0,64198.15765069148,62699.579312181966,63318.58092231184,0.7376999834606377,-1.4270401933868104,-0.003341374960814436
64349.9,1714438200000.0,64162.64732090866,62674.99314426101,63272.49113780965,0.7399515705549011,-1.4177163021580665,-0.02163300427243331
64391.7,1714438260000.0,64205.24125231479,62720.207795662725,63318.18855289292,0.7337064341937682,-1.3910554408201463,-0.015995166880091283
64506.0,1714438320000.0,64315.452107168334,62771.96197252578,63433.688070634285,0.7388153494627618,-1.441903852040733,-0.010602984760637257
64682.6,1714438380000.0,64491.15760872442,62885.75083787168,63607.91972012763,0.7336218996199435,-1.4628967913460462,-0.005969441727973646
64613.4,1714438440000.0,64423.03282129459,62816.83749327208,63529.07224011097,0.7335416909502412,-1.4478849564434881,-0.028174150307080703
64668.3,1714438500000.0,64477.13367926693,62868.291072468615,63587.0888395234,0.7393974625385051,-1.4772051434426756,-0.020659772876342464
64563.4,1714438560000.0,64373.15193465712,62807.99323135306,63488.611840324476,0.7376207314391561,-1.4923848689615764,0.004965255390641521
64567.5,1714438620000.0,64376.46315871299,62804.969991802645,63503.90215588707,0.7401483907696547,-1.4982526748824432,0.03387879008028305
64503.8,1714438680000.0,64312.070133870904,62781.985195829446,63424.10737979356,0.7337596489065317,-1.4413478436600644,0.0140489779203411
64531.7,1714438740000.0,64339.47746770541,62811.351539375166,63451.20370249696,0.7333060379979359,-1.4748098251033634,-0.015598634012646384
64544.5,1714438800000.0,64352.01665613949,62819.16842597065,63462.7236064491,0.7399637148498805,-1.4346222660968935,-0.018850144396251656
64526.1,1714438860000.0,64335.247553538145,62774.37491769099,63443.38899512958,0.7457667091601593,-1.3728967175503808,0.005684258559755073
64478.0,1714438920000.0,64288.38606113784,62740.82971559617,63403.74161285641,0.7395252094342204,-1.3608370045178844,0.02083190831413928
64430.1,1714438980000.0,64240.22995304491,62740.139311959785,63357.19832667551,0.7381264192884984,-1.3509282876047748,0.02007112838923253
64450.1,1714439040000.0,64261.908282974844,62750.380340345364,63376.50845205197,0.7244962146823428,-1.4302355245747695,0.03341594948630788
64399.0,1714439100000.0,64217.87770662804,62724.79252196822,63326.05199221366,0.7539230173473225,-1.4418123737986797,0.019712202055763073
64464.1,1714439160000.0,64275.158099497974,62799.280190447396,63387.69567327344,0.731529651140739,-1.3837471576404035,0.002860903588188468
64426.8,1714439220000.0,64238.510678802806,62784.89492321294,63370.68593162141,0.7343141433063496,-1.3192690220150327,0.04632745808872629
64401.4,1714439280000.0,64212.71098041516,62729.33634348507,63345.97251768907,0.7328298107363744,-1.3087873510037777,0.05659605762499331
64407.3,1714439340000.0,64218.69056554154,62764.55374814163,63350.995920321846,0.7380193708354443,-1.2858202611055467,0.07653149111286062
64338.0,1714439400000.0,64152.66536566536,62756.89109397994,63317.12074249472,0.7543999174801271,-1.226229376519345,0.11568685345570762
64441.7,1714439460000.0,64250.54769587826,62751.78516100568,63368.105643345196,0.7349248211849543,-1.3356210144822218,0.038437606132995406
64412.7,1714439520000.0,64226.88208516447,62748.98422425933,63359.58810372643,0.7556781082016071,-1.3203431450148715,0.058935965717128
64367.8,1714439580000.0,64183.81382924253,62790.45659897963,63358.02225341002,0.7561886076145545,-1.231124385653048,0.10674120133748755
64343.7,1714439640000.0,64160.890660376026,62811.75528304557,63340.73533140676,0.7586080407933453,-1.1698687906415635,0.11539726929105087
64284.7,1714439700000.0,64109.42011248503,62767.14663776178,63280.75039197232,0.7975289899671758,-1.1371504534368122,0.10782484429183625
64339.4,1714439760000.0,64156.566767360804,62811.00762768246,63304.49439092164,0.760228366049181,-1.1057040621212457,0.07153340856024315
64332.1,1714439820000.0,64148.948804031716,62795.845459356875,63300.7538812108,0.7563737067357785,-1.1365943612641947,0.06611777772608185
64299.9,1714439880000.0,64124.46365728067,62787.050550547785,63283.95668304822,0.7895718702058208,-1.1255721569326744,0.10581761898789022
64312.4,1714439940000.0,64136.90175642937,62796.279339884946,63292.38847438204,0.7987645235157002,-1.1326716821287475,0.10502996289417055
64334.0,1714440000000.0,64160.75407831541,62810.96112972233,63311.77768341073,0.7994987355206954,-1.1413889521932816,0.10422882264175559
64307.6,1714440060000.0,64134.1290085707,62790.0198136522,63292.230332952975,0.7998870948122949,-1.1612105276960363,0.10378416143271618
64335.9,1714440120000.0,64158.510250509724,62885.23667433607,63325.032333748764,0.791604046313698,-1.151996491387663,0.10521215517742921
64330.9,1714440180000.0,64154.58818811832,62952.54775149859,63326.16644393991,0.7891760433358154,-1.2205465378424134,0.13808958891243528
64358.2,1714440240000.0,64181.023553282634,62892.36317461144,63338.26449022347,0.7912509379973178,-1.192519923475833,0.10958203646205933
64282.1,1714440300000.0,64105.847181675126,63326.14418231087,63433.86276301381,0.8027977319605809,-0.17964023146246277,0.38999459613088716
64239.0,1714440360000.0,64061.93993279812,63303.31957916976,63411.349662373126,0.7988142322176024,-0.14163049592060872,0.43364114995027214
64198.6,1714440420000.0,64022.68756433138,63268.53870516516,63367.63702314533,0.798788293937231,-0.09810337396437308,0.4275678121039719
64219.6,1714440480000.0,64043.98228539752,63270.18426682232,63388.08118184591,0.8036074726826659,-0.12128010012188506,0.42387962385724764
64227.4,1714440540000.0,64050.34663192675,63277.20280275128,63394.99484829329,0.7953763404028967,-0.11087644978736177,0.42545712538098357
64229.9,1714440600000.0,64051.994893561445,63279.42340882079,63405.06213931443,0.7940554272006273,-0.114645377443928,0.441411871824551
64155.2,1714440660000.0,63985.904086663526,63293.409760771254,63350.17938354522,0.8295029748516125,-0.0877158051741671,0.4334909948552347
64142.0,1714440720000.0,63973.02184759312,63306.53343537237,63336.98610301463,0.8281259318725872,-0.10480861356491133,0.42582616134154594
64089.3,1714440780000.0,63919.34084247093,63370.72494556665,63304.384131482264,0.8199478653433384,0.48518470019001714,0.4243497692116005
64031.3,1714440840000.0,63878.27832748445,63403.618197081145,63450.2111092365,0.8264342315567863,0.6094047658027311,0.5905389652060411
64092.5,1714440900000.0,63932.33774525578,63415.18288458749,63416.63913752245,0.8340273354702413,0.6137312160438796,0.5479252288376
64092.2,1714440960000.0,63931.773203921766,63413.785911995874,63428.03214585642,0.8366947525213648,0.6170133171650818,0.5224422860680752
64113.5,1714441020000.0,63963.55672384804,63676.978577019545,63580.32211620151,0.8641098094854797,0.6721218382377774,0.5706114757499036
64122.0,1714441080000.0,63970.98711260432,63676.325530472204,63580.03501961556,0.8632345989001692,0.6884262330070113,0.5840809748126268
64110.6,1714441140000.0,63960.610594749065,63693.442066572235,63585.76600480075,0.8617493475006136,0.6987053634269575,0.5744888223093902
64045.7,1714441200000.0,63899.7024961983,63688.76853801215,63785.803883728106,0.8681811175502645,0.8376637881247813,0.8204483752651615
64110.1,1714441260000.0,63962.244363916645,63694.784592029,63807.97021201512,0.8555814845718326,0.7962664539300375,0.8406753795693839
64070.5,1714441320000.0,63921.554126421135,63675.958240987515,63786.09632138783,0.8556135232218774,0.799576008175773,0.7924483365743857
64084.0,1714441380000.0,63933.115899462784,63753.242946144666,63773.3667855028,0.8621542121853174,0.7252823516601248,0.8078405606201657
64084.1,1714441440000.0,63930.74994617617,63746.9619674747,63770.798960194195,0.8517506681348292,0.7226774940641522,0.8068135550246087
64151.9,1714441500000.0,63995.674312173665,63692.59485705569,63736.834060670066,0.8423814720774606,0.7062161697905535,0.685435891264481
64114.1,1714441560000.0,63958.353638786844,63704.98615604273,63785.96623287729,0.8285350709525329,0.8089569442702655,0.7803278744948318
64080.0,1714441620000.0,63923.2911322272,63731.7736912584,63766.9232831556,0.8279313797297603,0.7353718071641301,0.7586986236056582
64020.6,1714441680000.0,63865.22398126829,63778.50900699503,63760.429103446615,0.8274357387648599,0.6611529074061937,0.717945922444445
64084.9,1714441740000.0,63927.81183606904,63741.66438025706,63775.372308050486,0.8136048558408506,0.7477752201229879,0.7611117966326262
64090.5,1714441800000.0,63932.78342791022,63746.60641385309,63779.51291353026,0.8145739427651333,0.7491323801723382,0.7513690468720973
64099.8,1714441860000.0,63942.684830098275,63736.2970540255,63791.041631093954,0.8120220786113028,0.798963794523731,0.7961288359536185
64066.4,1714441920000.0,63910.58054627596,63820.62450324221,63763.09505365914,0.8143484724636083,0.6697360283057114,0.730468936666627
64020.1,1714441980000.0,63865.516351755585,63766.25823552273,63798.21107447253,0.8115569505886581,0.8329164538485705,0.81259730120151
63926.7,1714442040000.0,63839.77375398358,63728.22105606577,63751.24740048359,0.9149046467344076,0.8118016965032852,0.7747061415883056
63973.9,1714442100000.0,63844.842992245336,63755.11806244161,63815.63639032204,0.845886851671648,0.8854815929279223,0.8210571134321561
63931.8,1714442160000.0,63832.85440226078,63739.588420273954,63806.22426703892,0.8859886415086586,0.8326043522010258,0.8474779763685149
63923.1,1714442220000.0,63833.49856308445,63749.82742825613,63796.362465946004,0.9097384833967486,0.8702148601955029,0.8291558371109782
63778.4,1714442280000.0,63874.2320502446,63793.13450677151,63772.98040743599,0.8768109266632862,0.9171509142739398,0.7762083480218507
63610.2,1714442340000.0,63885.43110217269,63663.912071409635,63803.74998840119,0.8452466552144374,0.698840320531467,0.8767074651998779
63481.8,1714442400000.0,63902.78306235545,63581.286856365456,63797.273646424306,0.8161465146414462,0.6951475190243983,0.8242309754084962
63358.7,1714442460000.0,63850.884114028,63492.06794123699,63828.3553614457,0.6657763167211701,0.6869642546506549,0.6183860079380199
63288.5,1714442520000.0,63868.24855657829,63423.35457848147,63854.67731872505,0.6309164784209298,0.6816169460382939,0.5477852862670429
63204.1,1714442580000.0,63937.385770754634,63341.8836368804,63805.56191644862,0.48979185463063457,0.6794695895534808,0.4366590835214992
63196.1,1714442640000.0,63950.64558726194,63336.49799970392,63827.346983793446,0.3711189880736242,0.6959275073572799,0.26606066885379065
63318.9,1714442700000.0,63934.485952462994,63458.34300118018,63883.865747644195,0.622554150685402,0.6760222059652178,0.578009098437096
63386.0,1714442760000.0,63891.036946304106,63524.99114563479,63871.91675374558,0.6580173803904883,0.6643275625865706,0.6391544543997147
63476.9,1714442820000.0,63986.329718510984,63614.60566535013,63854.534321494306,0.6649584618930363,0.6583972755079239,0.771038979842839
63416.8,1714442880000.0,63999.522283810446,63553.01472711258,63925.54811013565,0.627269986076681,0.6705556298804349,0.6283944690479425
63465.5,1714442940000.0,64004.90684250784,63605.03619793428,63852.01170865608,0.6531004353703359,0.6695006224671213,0.7453337266008959
63356.4,1714443000000.0,64155.19196753562,63492.14122106214,63973.16443256168,0.35556616451736445,0.6731854844383343,0.28375602091497176
63438.0,1714443060000.0,64168.431347338046,63574.140345385465,64010.711344500145,0.46097625784239626,0.6745812157391521,0.5634446650642367
63428.3,1714443120000.0,64162.39724938513,63565.96844898316,64002.06643275297,0.47725562456876436,0.6785314497517076,0.5616947499913247
63392.0,1714443180000.0,64145.198403301576,63528.46955610377,64034.46727933583,0.40973870650098676,0.6724964054246501,0.40781687245466325
63464.7,1714443240000.0,64165.54451911229,63600.05177374529,64042.89272537925,0.5406359831167606,0.6819268688312616,0.5887394624102693
63427.2,1714443300000.0,64156.632979871094,63562.63464456918,64034.08865904846,0.5106231598072982,0.676500764227852,0.5343460961791644
63507.0,1714443360000.0,63989.629548087985,63637.20246356044,64055.53498031345,0.6933200246346987,0.6882596260320597,0.5788035247770658
63528.9,1714443420000.0,64008.03805619626,63656.866155842625,64070.63438682163,0.7099362441097605,0.6814440496092278,0.5901371000949721
63563.0,1714443480000.0,64034.40085277098,63688.735390170295,64095.389929089455,0.7073159386511698,0.6823392939958024,0.5905156491537061
63615.8,1714443540000.0,64086.450429822675,63715.501319907235,63959.69626710145,0.7512642629062691,0.6925019102398511,0.7950985312054182
63637.7,1714443600000.0,64085.82846478195,63736.16767990512,63973.762008808524,0.7562947783878425,0.695938864145788,0.8023562422569996
63590.6,1714443660000.0,64072.017595077545,63704.562837168596,63952.68657496851,0.7456766850162543,0.6911608140009542,0.7610806621052374
63591.9,1714443720000.0,64072.55531580719,63724.62009059177,63954.646841791204,0.7640006081470008,0.6868417908859689,0.7919429694663147
63630.0,1714443780000.0,64102.45947836346,63745.744817560684,63983.752945503926,0.7915260047157611,0.6936216369756194,0.8167024204663981
63607.8,1714443840000.0,64089.02706331581,63735.83994735601,63969.08287859621,0.8083809274784274,0.6922287413674388,0.8004210788710593
63639.6,1714443900000.0,64081.35246432567,63754.130230056784,64002.54703159215,0.7605884022694539,0.6780910604889411,0.8027371359530031
63614.5,1714443960000.0,64079.81517470085,63738.55472792764,63985.18714109976,0.7646469766022312,0.6814429230318313,0.7907395615719539
63605.3,1714444020000.0,64067.68294251915,63728.982881635166,63984.59992691584,0.7654443325702103,0.6840367664740497,0.7584885399734014
63597.0,1714444080000.0,64032.16458404759,63708.317263973964,64052.205376958176,0.7347992777300414,0.6830063423277212,0.6988432056269628
63578.8,1714444140000.0,64028.061867545926,63701.55380526266,64055.60051092206,0.7389688979603803,0.6730996972416212,0.6892597429539188
63556.5,1714444200000.0,64016.61264581178,63683.557610700926,64059.887286302765,0.7565531477287986,0.6748312599174364,0.6676339036510859
63676.5,1714444200000.0,64041.388908704095,63749.057646626265,63965.581789026044,0.7913095933199228,0.7183349664234153,0.8089616502496506
63698.0,1714444320000.0,64040.278028801265,63755.925171923176,63972.703687138666,0.7907654445435581,0.7158618600097659,0.8131321916051145
63736.1,1714444380000.0,64017.02050339558,63786.12049747017,63978.47934899134,0.8311476580819152,0.710097544326732,0.8295808327727096
63776.2,1714444440000.0,64057.24881912788,63798.81833494338,63947.52466571887,0.8779045835662167,0.6732956010741148,0.8652473157640381
63718.5,1714444500000.0,64038.68553023276,63776.18322207658,63944.126288404856,0.8312359164252094,0.7048980866536203,0.8497662274486069
63721.3,1714444500000.0,64037.983190252744,63778.40430491071,63946.20682985708,0.8288584465528307,0.706679650326109,0.8510573752053862
63757.7,1714444620000.0,64018.50844352318,63766.2202537362,63949.277994214804,0.8983512321889269,0.6703508269920901,0.8657465422361037
63797.1,1714444680000.0,64011.56879302456,63872.15319505565,63974.89145290641,0.8871970653821576,0.8103488877836396,0.8765941098057884
63777.8,1714444740000.0,64011.08062967998,63797.807002106645,63960.57494598086,0.8870871907473371,0.6912332032642792,0.8679252070318064
63791.9,1714444800000.0,63957.44302905111,63880.76037269325,63954.888422818025,0.8979810198852639,0.9320560668025282,0.8597420240228084
63751.1,1714444800000.0,63957.580635737904,63831.6573877921,63966.80603682729,0.8742034612190961,0.8111942611742122,0.8515543319768256
63745.1,1714444920000.0,63953.4437355801,63810.27655416479,63966.284092172915,0.8748497986619119,0.7659590546922187,0.851585466029988
63814.3,1714444980000.0,63935.21296365082,63847.38744882726,63944.271720071716,0.9282542948911316,0.9361998060536495,0.8872760001269789
63787.9,1714445040000.0,63937.59191721608,63836.905611170936,63925.59346015803,0.9031385276568331,0.9383774626712781,0.8827184015101465
63764.9,1714445100000.0,63927.0549276577,63828.36449947515,63923.11536497284,0.9052191924015192,0.8828617883992735,0.8586066947422302
63783.6,1714445160000.0,63916.61604338314,63840.00375970654,63910.348371598164,0.9050127314620814,0.9393106146319843,0.8777805466397252
63822.5,1714445220000.0,63910.044404780405,63844.86945105423,63890.66448285072,0.9361022010774663,0.9671136446712927,0.8633656570022871
63850.1,1714445280000.0,63916.39155322165,63837.959068482174,63912.49076695209,0.9406545657682118,0.9730144627786869,0.8521104347824537
63809.6,1714445340000.0,63911.6614365833,63818.21416812555,63874.91153424649,0.9200481739829067,0.9517082371764868,0.8569589454508586
63753.6,1714445400000.0,63909.41557400152,63807.18677085247,63884.94229792488,0.9229252938997438,0.940886331228756,0.8847271744798038
63791.9,1714445460000.0,63912.245849756684,63819.07056443337,63868.05469577485,0.935566965179588,0.94438447033263,0.8757291439891809
63770.1,1714445520000.0,63863.46039627945,63786.59562871288,63849.59697231366,0.9021772313956203,0.9557969197682976,0.8621992869141508
63820.0,1714445580000.0,63887.27169431406,63789.99157466242,63873.50246985964,0.8841908637406779,0.9583476663965548,0.8649995687834768
63839.8,1714445640000.0,63880.16744649659,63790.052766775334,63868.310059810654,0.9414018960023932,0.9678382357432842,0.8642169685119245
63775.7,1714445700000.0,63855.976090814205,63780.0768803725,63820.96757840213,0.9155228679068248,0.9845722538054176,0.8428363766055167
63806.1,1714445760000.0,63874.710479686,63777.86324249865,63840.582576276036,0.8981100603811718,0.9621604190905233,0.9094686089297921
63787.6,1714445820000.0,63863.63174372339,63779.58838627228,63837.28412872559,0.9143415929397125,0.9806460097840849,0.8685654785027259
63785.9,1714445880000.0,63862.16857580596,63792.17496867857,63824.56273675599,0.9040217635681672,0.9698265545398573,0.8717116773206137
63760.8,1714445940000.0,63851.946400512075,63785.5937902608,63808.12568697436,0.9350737887893346,0.9412017042043922,0.8565186286593642
63730.0,1714446000000.0,63841.76825547854,63785.42026392404,63828.699094534255,0.9213476391434092,0.9101723478829795,0.8808711297845939
63734.5,1714446060000.0,63869.66627745651,63770.860300107706,63808.87967685147,0.9501826801652411,0.937226344787041,0.858438228186613
63673.5,1714446120000.0,63875.24349402875,63762.41678349456,63803.47328959733,0.8705343736860858,0.9143093129574963,0.87959781080833
63695.1,1714446180000.0,63866.51245568183,63772.855261725694,63817.54698017004,0.9041453814924414,0.9367877599968656,0.8811082666159494
63660.5,1714446240000.0,63865.77639995932,63725.62497039665,63824.270867445135,0.914928432517685,0.9482162147506976,0.8917207596829066
63682.9,1714446300000.0,63863.51138366421,63725.78289691985,63816.72103411938,0.9217649812974102,0.9495192791796253,0.9012447379199904
63681.7,1714446360000.0,63866.29582167331,63725.693143091186,63815.34449702983,0.9006334891642745,0.9495602371426534,0.9019081965176512
63697.8,1714446420000.0,63793.12978827071,63694.33537776717,63818.94436219819,0.9331214278592599,0.9354241524477911,0.8974949571560545
63654.8,1714446480000.0,63799.9621637599,63683.3408047834,63805.77505692383,0.9088399870662498,0.9406767635912806,0.8789996839395595
63678.1,1714446540000.0,63785.04027898789,63689.18615197549,63810.91088060494,0.9091395689254063,0.9428864603441537,0.8914238028103627
63609.4,1714446600000.0,63774.58847805425,63658.72175975348,63762.542049199736,0.9221213301564212,0.9035991708430003,0.883985072097083
63581.5,1714446660000.0,63770.32134857015,63644.17040651144,63754.95670134034,0.908063600574571,0.8277520180012737,0.8732786778751901
63582.7,1714446720000.0,63770.13576004918,63651.03051043284,63760.24538073406,0.9103296574303046,0.8508413035900793,0.8819778573002056
63559.8,1714446780000.0,63771.46656286465,63575.707722845524,63745.87523019683,0.8781663809172563,0.7105063156658626,0.8877641090053274
63564.9,1714446840000.0,63771.858364334956,63582.12387990964,63749.66896116804,0.8953669416048387,0.7157567820610609,0.8868226798620527
63544.6,1714446900000.0,63772.427039435126,63573.097412053394,63740.55067806741,0.8771936259864374,0.7213812372517772,0.8734749629001426
63600.4,1714446960000.0,63783.59685727765,63628.24578053107,63691.234525919834,0.9326647294763895,0.7547262941590613,0.887313910787957
63594.0,1714447020000.0,63784.6394582568,63619.52867503421,63694.702289734065,0.9340800565539003,0.7358542801549339,0.8750699754138261
63609.2,1714447080000.0,63783.937733898114,63657.20733564243,63691.82369392276,0.9341254982448158,0.8111524387401924,0.8780736148575166
63594.3,1714447140000.0,63805.91757120957,63609.90004561299,63750.72899102644,0.8899605056291628,0.7151964354622736,0.8821881485683931
63602.4,1714447200000.0,63807.974090654534,63616.77207474958,63738.307345852765,0.8992477978128978,0.7168171276862878,0.9009549003152245
63648.6,1714447260000.0,63790.729613112846,63667.621735917026,63742.125812565784,0.8801489850122103,0.8319859332867783,0.8861981146060338
63615.0,1714447320000.0,63871.38948735328,63659.837399116805,63703.10553533449,0.8350401016279844,0.7331437393476841,0.7838146847492458
63630.9,1714447380000.0,63872.15660023722,63659.087286648675,63710.9241985701,0.8276775101561319,0.7324184931634394,0.8686806377369165
63648.6,1714447440000.0,63899.59707590077,63672.72308566543,63722.38924859972,0.8534711959816828,0.7829460965327978,0.8715573918825821
63652.6,1714447500000.0,63924.23678041671,63691.94256978793,63744.12031017898,0.8860132574136063,0.7223052373021533,0.7700922406270034
63680.0,1714447560000.0,63923.2997747068,63710.79440407488,63754.15409560176,0.8824926448959997,0.7118373110097255,0.8619151225886108
63712.3,1714447620000.0,63919.51611631254,63721.339927359295,63785.41343984799,0.8608226787024155,0.7166181430491884,0.857065446222241
63718.4,1714447680000.0,63955.19872502199,63744.85069242877,63820.893110812445,0.8391078142995436,0.7064929140075368,0.7788705199926249
63720.8,1714447740000.0,63963.64549160918,63744.27771994695,63819.30632323675,0.8659192935245279,0.7015705686932785,0.7942700450784294
63684.1,1714447800000.0,63938.79191805719,63725.43767218838,63844.621596114106,0.8800351730643495,0.7249919926753436,0.8671699654863896
63771.1,1714447860000.0,63969.610823989846,63787.55614364248,63868.50030627446,0.8639943283186373,0.7321980164379644,0.8585722640231823
63788.2,1714447860000.0,63976.34592124158,63796.76488932758,63870.4635588613,0.8815254317886634,0.7484146949820047,0.8915686512522095
63742.9,1714447980000.0,63974.76797117039,63758.478405568756,63866.18692533272,0.8835972382377252,0.7158753345261903,0.8078185641086918
63722.7,1714448040000.0,63966.83548065055,63751.96016924963,63924.4716777159,0.8777554524827555,0.706530993347442,0.8748904228878466
63702.7,1714448100000.0,63969.692819379336,63750.207212978574,63922.459719118866,0.8870563452803172,0.7289789853583142,0.8575002255810962
63600.5,1714448160000.0,63957.153276371115,63674.40414670287,63936.27207151199,0.805227487532848,0.7422926012034508,0.8071150238118201
63610.5,1714448160000.0,64000.49378863462,63694.88223092433,63924.335596030745,0.7884428767432089,0.7326704894237571,0.8316366068157871
63625.7,1714448280000.0,64000.72024825249,63708.05651315209,63930.407517468324,0.7281027033888108,0.7470448962251017,0.8410214858295627
63654.2,1714448340000.0,63998.47502473252,63722.44013303862,63919.88675055231,0.7695089736962635,0.7363458007862718,0.8291528887039978
63665.1,1714448400000.0,64050.90638514907,63747.704269136484,63911.694038387504,0.7911334964238667,0.7056564218862567,0.8478687917888255
63602.1,1714448460000.0,64062.09943593272,63693.93270746392,63901.66649642839,0.7301043833820808,0.7033499653730559,0.824387176942018
63623.4,1714448520000.0,64056.93904697103,63716.089896114834,63911.115251105206,0.7417252901122533,0.7058642861154916,0.8172114549454598
63623.8,1714448580000.0,64110.4832434488,63735.876766638314,63953.814425802964,0.7367346197576998,0.7070078351755666,0.8215055589031406
63602.7,1714448640000.0,64084.746087461164,63721.92373562614,63954.992575862,0.7477718758033483,0.6949514756215014,0.8134612793408416
63624.2,1714448700000.0,64108.55566961019,63736.809227053745,63956.48465878203,0.7403770995111079,0.7088651849428265,0.8259914650390111
63624.2,1714448760000.0,64115.06796894725,63741.280902207036,63986.9466615928,0.7090967834423597,0.7021365746375015,0.7950633381100466
63607.2,1714448820000.0,64091.218166594976,63726.31347593086,63974.45041485933,0.7016658769776263,0.7006622556731719,0.7779900058080214
63639.9,1714448880000.0,64139.08400285395,63754.799445253324,64001.66574241289,0.7212850956500525,0.7009403918250604,0.8134117653143538
63619.4,1714448940000.0,64403.787920328716,63741.07352674751,64057.27076678609,0.22661571684725823,0.6916530688327833,0.6879961058329388
63638.6,1714449000000.0,64392.33938437012,63759.62891539787,64041.24992934441,0.2960598115965839,0.6897058332330022,0.7172987077198145
63628.8,1714449060000.0,64406.303618119906,63747.33407217685,64040.76022545508,0.23255919054015972,0.6899491298195439,0.7081942865954318
63694.8,1714449120000.0,64489.64451828411,63812.872691729135,64245.9953049606,0.2402342685469886,0.6818682201219766,0.49528471467740487
63687.2,1714449180000.0,64477.34161106189,63803.89737396256,64244.70909485589,0.23624101117285934,0.683987017833245,0.49658523903919094
63727.2,1714449240000.0,64486.142528058626,63839.63905194139,64152.18003742655,0.2748317299853589,0.6926234436471019,0.7184705521580004
63650.1,1714449300000.0,64574.30026767603,63772.58339065441,64312.475774376784,0.14232238032974176,0.6820853069887778,0.29375835769998315
63637.0,1714449360000.0,64582.85525382159,63757.58506032946,64306.24619154953,0.16295580642986174,0.6783432281821831,0.29480582927348076
63602.7,1714449420000.0,64563.761300003775,63720.32020006361,64285.916401930226,0.15643155643234785,0.6917840356136454,0.2809805732335794
63635.9,1714449480000.0,64623.35510045912,63760.17181448447,64344.93874590864,0.1233990356495146,0.6312355295189769,0.2722200392347869
63631.9,1714449540000.0,64623.412309324216,63758.0858149728,64337.774356409966,0.10594741227709803,0.6338327378780644,0.2719300172172182
63663.0,1714449600000.0,64601.22101078116,63783.92669716447,64363.36119765183,0.16156825353866144,0.6428198164255761,0.2789837500621716
63612.8,1714449660000.0,64563.84705784943,63730.89751892277,64351.79039428875,0.23338196491793106,0.6279240751393542,0.250162090475487
63619.2,1714449720000.0,64546.49030009348,63735.74204849167,64361.30881917733,0.29998979444862295,0.6417511844717818,0.24721542969283128
63611.6,1714449780000.0,64532.87991258232,63728.05104919198,64353.12779543833,0.3210105555544067,0.6431481769500454,0.24674821239117462
63608.2,1714449840000.0,64532.865199771346,63722.83650762968,64346.18260959722,0.23349972398013175,0.6438845869081353,0.23534275147461625
63619.6,1714449900000.0,64540.27204353593,63734.03288371125,64344.69679933674,0.2655952670898043,0.6493244733488279,0.23417656439740453
63666.3,1714449960000.0,64557.49223698737,63770.72784472431,64366.4658637056,0.2719995951969981,0.6752286615560467,0.2467256046221581
63657.9,1714450020000.0,64490.32285540577,63759.53016856206,64338.38532170849,0.29250305994916737,0.6871365810966258,0.2682837203847409
63689.4,1714450080000.0,64467.33484707676,63786.86542787435,64357.53227806605,0.398962174101372,0.6896942169112557,0.2730163786764145
63672.3,1714450140000.0,64481.65470426801,63771.00275284127,64346.128630198524,0.28743591136991664,0.6823985790712299,0.26797778738176636
63645.1,1714450200000.0,64442.10248739098,63737.92231671065,64303.41749341783,0.3052569601133812,0.6920947350796063,0.3096040072220473
63644.6,1714450260000.0,64437.749985166396,63739.061179629716,64303.20255456554,0.3218423267683239,0.6865880811483485,0.3085313506418059
63628.3,1714450320000.0,64449.81739664479,63724.61982928215,64307.73355211568,0.28997518302013314,0.691202664398461,0.28952929725848187
63610.0,1714450380000.0,64392.094380055285,63708.96076019702,64267.58921420849,0.32906404839379777,0.6748001464868083,0.3049452056628018
63631.9,1714450440000.0,64394.295808946605,63730.504775103276,64283.20809829352,0.34595011662128716,0.6756773867654557,0.3161919489963062
63613.4,1714450500000.0,64411.19207959618,63710.71990935639,64266.55924699113,0.2509306920941127,0.6844744170882666,0.3186703075845285
63593.0,1714450560000.0,64398.09424282937,63694.60060051986,64266.14486728838,0.2751963943109007,0.6890173785459178,0.3124867355827695
63562.2,1714450620000.0,64453.76833781442,63664.05128797344,64254.16529271895,0.2274092736465273,0.6863644490495894,0.29284954514992134
63551.3,1714450680000.0,64437.41005949953,63655.927077810185,64247.97124986957,0.23579575888327398,0.6727121945004617,0.28417120379419114
63547.9,1714450740000.0,64371.57206407646,63655.89140505421,64271.65807499246,0.23569935643941686,0.677717666421905,0.24084309821329886
63524.1,1714450800000.0,64357.68932319546,63628.491104291585,64253.091334250224,0.24829548754514152,0.6868300904509981,0.23984218339905483
63505.1,1714450860000.0,64355.452991711296,63615.62200719329,64248.85020500326,0.2553615629408923,0.666721354204225,0.2451535846211913
63539.7,1714450920000.0,64351.35936908717,63648.229284301764,64230.664662819545,0.273097667077255,0.6636785405531133,0.2961154156414473
